Louis_Philippe_I_Duke_of_Orl_ans	parent	Louis_Philippe_II_Duke_of_Orl_ans
Isabella_of_Portugal_Queen_of_Castile	parent	Maria_of_Aragon_Queen_of_Portugal
Isabella_of_Portugal_Queen_of_Castile	parent	Manuel_I_of_Portugal
Louis_Philippe_I_Duke_of_Orl_ans	parent	Louise_Marie_Ad_la_de_de_Bourbon_Duchess_of_Orl_ans
Hugh_Magnus	parent	Constance_of_Arles
Louis_Philippe_I_Duke_of_Orl_ans	parent	Louise_Marie_Ad_la_de_de_Bourbon_Duchess_of_Orl_ans
Isabella_of_Portugal_Queen_of_Castile	parent	Maria_of_Aragon_Queen_of_Portugal
Adelaide_of_Auxerre_born_c._870	parent	Conrad_II_Duke_of_Transjurane_Burgundy
Eleanor_of_Portugal_Holy_Roman_Empress	parent	Edward_King_of_Portugal
Alice_Holland_Countess_of_Kent	parent	Richard_Fitzalan_3rd_Earl_of_Arundel
Philip_IV_of_Spain	parent	Philip_III_of_Spain
Francis_Count_of_Vend_me	parent	John_VIII_Count_of_Vend_me
Francis_II_of_France	parent	Henry_II_of_France
Henry_III_of_France	parent	Henry_II_of_France
Charles_Duke_of_Orl_ans	parent	Louis_I_Duke_of_Orl_ans
Louis_Antoine_Duke_of_Angoul_me	parent	Charles_X
Louis_XVIII	parent	Louis_Dauphin_of_France_son_of_Louis_XV
James_II_of_Scotland	parent	James_I_of_Scotland
Matilda_of_Bavaria_Margravine_of_Meissen	parent	Louis_IV_Holy_Roman_Emperor
Robert_I_of_France	parent	Robert_the_Strong
Louis_Count_of__vreux	parent	Philip_III_of_France
Philip_VI_of_France	parent	Charles_Count_of_Valois
Philip_of_France_1116_1131	parent	Louis_VI_of_France
Bona_of_Savoy	parent	Louis_Duke_of_Savoy
Margaret_of_Savoy_Countess_of_Saint_Pol	parent	Louis_Duke_of_Savoy
John_II_of_Aragon	parent	Ferdinand_I_of_Aragon
Antoinette_of_Bourbon	parent	Francis_Count_of_Vend_me
Joan_the_Lame	parent	Robert_II_Duke_of_Burgundy
Margaret_of_Burgundy_Queen_of_France	parent	Robert_II_Duke_of_Burgundy
Marie_Caroline_of_Bourbo_Two_Sicilies_Duchess_of_Berry	parent	Francis_I_of_the_Two_Sicilies
Philip_III_of_Navarre	parent	Louis_Count_of__vreux
Philippe_I_Duke_of_Orl_ans	parent	Louis_XIII
Anne_Marie_d_Orl_ans	parent	Philippe_I_Duke_of_Orl_ans
Francis_IV_Duke_of_Modena	parent	Ferdinand_Karl_Archduke_of_Austria_Este
Judith_of_Habsburg	parent	Rudolf_I_of_Germany
Maria_Josepha_of_Saxony_Dauphine_of_France	parent	Augustus_III_of_Poland
Maria_of_Austria_Holy_Roman_Empress	parent	Charles_V_Holy_Roman_Emperor
Odo_I_Duke_of_Burgundy	parent	Henry_son_of_Robert_I_of_Burgundy
Maria_of_Aragon_Queen_of_Portugal	parent	Ferdinand_II_of_Aragon
Ferdinand_I_of_the_Two_Sicilies	parent	Charles_III_of_Spain
Louis_Philippe_I_Duke_of_Orl_ans	parent	Louis_Philippe_II_Duke_of_Orl_ans
Joan_the_Lame	parent	Robert_II_Duke_of_Burgundy
Isabella_of_Portugal_Queen_of_Castile	parent	Manuel_I_of_Portugal
Beatrice_of_England	parent	Eleanor_of_Provence
Adelaide_of_Italy	parent	Rudolph_II_of_Burgundy
Yolande_of_Aragon	parent	Louis_II_of_Anjou
Louis_Philippe_I_Duke_of_Orl_ans	parent	Louise_Marie_Ad_la_de_de_Bourbon_Duchess_of_Orl_ans
Louis_Philippe_I_Duke_of_Orl_ans	parent	Louis_Philippe_II_Duke_of_Orl_ans
Hugh_Magnus	parent	Constance_of_Arles
Isabella_of_Portugal_Queen_of_Castile	parent	Maria_of_Aragon_Queen_of_Portugal
Joan_the_Lame	parent	Robert_II_Duke_of_Burgundy
Adelaide_of_Aquitaine	parent	Gerloc
Charles_III_of_Spain	parent	Elisabeth_Farnese
Eleanor_of_Aragon_Queen_of_Portugal	parent	Eleanor_of_Alburquerque
Ferdinand_I_of_the_Two_Sicilies	parent	Maria_Amalia_of_Saxony
Maria_Theresa_of_Savoy	parent	Maria_Antonia_Ferdinanda_of_Spain
Francis_II_Holy_Roman_Emperor	parent	Maria_Luisa_of_Spain
Joan_of__vreux	parent	Margaret_of_Artois
Robert_I_Count_of_Dreux	parent	Adelaide_of_Maurienne
Hugh_Magnus	parent	Constance_of_Arles
Eleanor_of_England_Queen_of_Castile	parent	Eleanor_of_Aquitaine
Philip_I_of_Castile	parent	Mary_of_Burgundy_Duchess_of_Cleves
Adelaide_of_Aquitaine	parent	Gerloc
Charles_III_of_Spain	parent	Elisabeth_Farnese
Eleanor_of_Aragon_Queen_of_Portugal	parent	Eleanor_of_Alburquerque
Ferdinand_I_of_the_Two_Sicilies	parent	Maria_Amalia_of_Saxony
Maria_Theresa_of_Savoy	parent	Maria_Antonia_Ferdinanda_of_Spain
Francis_II_Holy_Roman_Emperor	parent	Maria_Luisa_of_Spain
Joan_of__vreux	parent	Margaret_of_Artois
Robert_I_Count_of_Dreux	parent	Adelaide_of_Maurienne
Isabella_I_of_Castile	parent	Isabella_of_Portugal
Hugh_Magnus	parent	Constance_of_Arles
Eleanor_of_England_Queen_of_Castile	parent	Eleanor_of_Aquitaine
Marie_of_Cleves_Duchess_of_Orl_ans	parent	Mary_of_Burgundy
A_nor_of_Ch_tellerault	parent	Aimery_I_Viscount_of_Ch_tellerault
Louis_I_of_Orl_ans	parent	Charles_V_of_France
Charles_VI	parent	Charles_V_of_France
Matilda_of_Brabant	parent	Maria_of_Swabia
Henry_III	parent	Maria_of_Swabia
Archduchess_Maria	parent	Anne_of_Bohemia_and_Hungary
Maximilian_II	parent	Anne_of_Bohemia_and_Hungary
Anna_of_Austria	parent	Anne_of_Bohemia_and_Hungary
Odo_I,_Count_of_Blois	parent	Theobald_I_Count_of_Blois
Wilfred	parent	Sunifred_Count_of_Barcelona
Louis_IV	parent	Louis_II_Duke_of_Bavaria
Baldwin_III	parent	Ida_Countess_of_Hainaut
Hugh_IV	parent	Alice_of_Vergy
Charles_III	parent	Christina_of_Denmark
Stephan_II	parent	Beatrice_of_Silesia
Matilde_of_Bavaria	parent	Beatrice_of_Silesia
Liudolf	parent	Brun_I_Count_of_Brunswick
Robert_II	parent	Marjorie_Bruce
Archduchess_Maria_Theresa	parent	Maria_Beatrice_of_Savoy
Marie_Louise	parent	Maria_Theresa_of_Naples_and_Sicily
Charles_IX	parent	Catherine_de_Medici
Henry_III	parent	Catherine_de_Medici
Francis	parent	Catherine_de_Medici
Magnus_I	parent	Rixa_of_Werle
Philip_II	parent	Anne_of_Cyprus
Margaret_of_Savoy	parent	Anne_of_Cyprus
Borrell_II,_Count_of_Barcelona	parent	Sunyer_Count_of_Barcelona
Hedwige_of_Saxony	parent	Henry_the_Fowler
Philip_II_the_Bold	parent	Bonne_of_Luxembourg
Marie_of_Valois	parent	Bonne_of_Luxembourg
Charles_V	parent	Bonne_of_Luxembourg
Albert_Azzo_II,_Margrave_of_Milan	parent	Albert_Azzo_I_Margrave_of_Milan
John,_Count_of_Hainaut	parent	Margaret_II_Countess_of_Flanders
Alfonso_IX	parent	Ferdinand_II_of_Le_n
Igor_the_Old	parent	Rurik
Adolf_Frederick_I	parent	John_VII_Duke_of_Mecklenburg_Schwerin
Francis	parent	Henry_II_of_France
Charles_IX	parent	Henry_II_of_France
Lothair	parent	Gerberga_of_Saxony
Otto_the_Child	parent	William_of_Winchester_Lord_of_Lunenburg
John	parent	Beatrice_of_Savoy_Lady_of_Villena
Ramon_Berenguer_IV	parent	Alfonso_II_Count_of_Provence
Ferdinand_I	parent	Joanna_of_Castile
Elisabeth_of_France	parent	Henry_IV_of_France
Philippe_II	parent	Elizabeth_Charlotte_Madame_Palatine
Fulk_IV	parent	Ermengarde_of_Anjou_Duchess_of_Burgundy
Maria_Theresa_of_Naples	parent	Ferdinand_I_of_the_Two_Sicilies
Nicolas	parent	Antoine_Duke_of_Lorraine
Francis_I	parent	Antoine_Duke_of_Lorraine
Welf_I	parent	Kunigunde_of_Altdorf
Catherine_de_Foix	parent	Gaston_IV_Count_of_Foix
Stephan_II	parent	Louis_IV_Holy_Roman_Emperor
Ernest_I	parent	Margaret_of_Saxony_Duchess_of_Brunswic_L_neburg
Charles	parent	Marie_of_Luxembourg_Countess_of_Vend_me
Isabella_of_Portugal	parent	John_Constable_of_Portugal
Infanta_Beatrice	parent	John_Constable_of_Portugal
Philip_V	parent	Joan_I_of_Navarre
Charles_IV	parent	Joan_I_of_Navarre
Louis_X	parent	Joan_I_of_Navarre
Albert_I_the_Tall	parent	Otto_I_Duke_of_Brunswic_L_neburg
Baldwin_II	parent	Baldwin_VI_Count_of_Flanders
Margaret_of_Scotland	parent	James_I_of_Scotland
Edward_I	parent	Henry_III_of_England
Elisabeth_of_Austria	parent	Maximilian_II_Holy_Roman_Emperor
Lambert_I	parent	Reginar_III_Count_of_Hainaut
Antoine	parent	Ren__II_Duke_of_Lorraine
Hugh	parent	Bertha_daughter_of_Lothair_II
Louis_III	parent	Louis_the_Stammerer
Dirk_III	parent	Lutgardis_of_Luxemburg
Henry_I	parent	Robert_II_of_France
Robert_I	parent	Robert_II_of_France
James_IV	parent	James_III_of_Scotland
Emma_of_Altdorf	parent	Welf_father_of_Judith
Judith_of_Bavaria	parent	Welf_father_of_Judith
Marie_of_Cleves	parent	Adolph_I_Duke_of_Cleves
Stephen_I	parent	William_I_Count_of_Burgundy
Gisela_of_Burgundy	parent	William_I_Count_of_Burgundy
Alys	parent	Constance_of_Castile
Jeanne_de_Ponthieu	parent	Counts_and_dukes_of_Aumale
Joan_Beaufort	parent	John_Beaufort_1st_Earl_of_Somerset
Francis_II	parent	Richard_Count_of__tampes
Elisabeth_Albertine	parent	Ernest_Frederick_I_Duke_of_Saxe_Hildburghausen
Leopold_II	parent	Maria_Theresa
Archduke_Ferdinand	parent	Maria_Theresa
Elizabeth_of_Bohemia	parent	Judith_of_Habsburg
Dorothea_Sophie	parent	Philip_William_Elector_Palatine
Joan_of_Valois	parent	Charles_Count_of_Valois
Isabella_of_Valois	parent	Charles_Count_of_Valois
Charlotte_of_Bourbon	parent	Catherine_of_Vend_me
Louis,_Count_of_Vend_me	parent	Catherine_of_Vend_me
Werner_II,_Count_of_Habsburg	parent	Otto_II_Count_of_Habsburg
Philip_VI	parent	Margaret_Countess_of_Anjou
Joan_of_Valois	parent	Margaret_Countess_of_Anjou
Archduchess_Maria	parent	Ferdinand_I_Holy_Roman_Emperor
Joanna_of_Austria	parent	Ferdinand_I_Holy_Roman_Emperor
Anna_of_Austria	parent	Ferdinand_I_Holy_Roman_Emperor
Maximilian_II	parent	Ferdinand_I_Holy_Roman_Emperor
Margaret_of_Austria	parent	Charles_II_Archduke_of_Austria
Sunyer,_Count_of_Barcelona	parent	Wilfred_the_Hairy
Edward_II	parent	Eleanor_of_Castile
Sancho_IV	parent	Alfonso_X_of_Castile
Agnes_of_France	parent	Louis_IX_of_France
Philip_III	parent	Louis_IX_of_France
Robert	parent	Louis_IX_of_France
Afonso_II	parent	Sancho_I_of_Portugal
Umberto_II	parent	Amadeus_II_Count_of_Savoy
Helene_of_Mecklenburg_Schwerin	parent	Princess_Caroline_Louise_of_Saxe_Weimar_Eisenach
Theobald_III,_Count_of_Blois	parent	Ermengarde_of_Auvergne
Alfonso_X	parent	Elisabeth_of_Swabia
William_IV,_Duke_of_Aquitaine	parent	William_III_Duke_of_Aquitaine
Marie_Isabelle_de_Orl_ans_y_Borb_n	parent	Infanta_Luisa_Fernanda_Duchess_of_Montpensier
Yolanda	parent	Margaret_I_Countess_of_Flanders
Adelaide	parent	Waldrada_of_Worms
Robert_II	parent	Hugh_IV_Duke_of_Burgundy
Adelaide_of_Burgundy	parent	Hugh_IV_Duke_of_Burgundy
Richard_of_Montfort	parent	Joan_of_Navarre_Queen_of_England
Charles_Emmanuel_I	parent	Emmanuel_Philibert_Duke_of_Savoy
Floris_I	parent	Dirk_III_Count_of_Holland
Otto_the_Child	parent	Helena_of_Denmark
Joan_II	parent	Mahaut_Countess_of_Artois
Ebalus,_Duke_of_Aquitaine	parent	Ranulf_II_of_Aquitaine
Edward_III	parent	Edward_II_of_England
Ernest_Augustus	parent	George_Duke_of_Brunswic_Calenberg
Charles_V_of_Lorraine	parent	Nicholas_Francis_Duke_of_Lorraine
Louis	parent	Maria_Anna_Victoria_of_Bavaria
Lorenzo_de__Medici	parent	Piero_di_Cosimo_de_Medici
Lorenzo_di_Piero_de__Medici	parent	Piero_di_Cosimo_de_Medici
Henry_the_Middle	parent	Otto_V_Duke_of_Brunswic_L_neburg
Charles_Emmanuel_I	parent	Margaret_of_Valois_Duchess_of_Berry
William_IX	parent	Hildegarde_of_Burgundy
Leopold	parent	Eleonore_of_Austria_Queen_of_Poland
Piero_the_Gouty	parent	Contessina_de_Bardi
Francis_II	parent	Margaret_Countess_of_Vertus
John_Stewart	parent	Alan_Stewart_of_Darnley
Fulk_I_of_Anjou	parent	Ingelger
Louis_V	parent	Emma_of_Italy
Ferdinand_IV	parent	Mar_a_de_Molina
Charles_VI	parent	Joanna_of_Bourbon
Louis_I_of_Orl_ans	parent	Joanna_of_Bourbon
Philip_V	parent	Philip_IV_of_France
Louis_X	parent	Philip_IV_of_France
Charles_IV	parent	Philip_IV_of_France
Theobald_III	parent	Henry_I_Count_of_Champagne
Joanna_I	parent	Ferdinand_II_of_Aragon
James_I	parent	Robert_III_of_Scotland
Edward_I	parent	Eleanor_of_Provence
Maria_Theresa_of_Austria_Este	parent	Ferdinand_Karl_Archduke_of_Austria_Este
Nicholas_d_Oisy,_Lord_of_Avesnes	parent	Walter_I_Lord_of_Avesnes
Marie_of_Cleves	parent	Mary_of_Burgundy_Duchess_of_Cleves
James_III	parent	Mary_of_Guelders
Otto_I	parent	Liudolf_Duke_of_Saxony
Henry_VII	parent	Lady_Margaret_Beaufort
Maria_Josepha_of_Saxony	parent	Maria_Josepha_of_Austria
Henry_I	parent	Constance_of_Arles
Robert_I	parent	Constance_of_Arles
John_II	parent	Adelaide_of_Holland
Blanche_of_Navarre	parent	Philip_III_of_Navarre
Philip_I	parent	Henry_I_of_France
Sophia_of_Saxe_Weissenfels	parent	Augustus_Duke_of_Saxe_Weissenfels
Antoine	parent	Louis_Philippe_I
Ferdinand_Philippe	parent	Louis_Philippe_I
Sancho_IV	parent	Violant_of_Aragon
John_I	parent	Teresa_Louren_o
Louis_VIII	parent	Philip_II_of_France
Ramon_Berenguer_IV	parent	Ramon_Berenguer_III_Count_of_Barcelona
James_I	parent	Anabella_Drummond
Arnulf_II	parent	Baldwin_III_Count_of_Flanders
Jeanne_de_Bourbon	parent	John_VIII_Count_of_Vend_me
Ren__I	parent	Louis_II_of_Anjou
Henry_Stuart	parent	Margaret_Douglas
Blanche_of_Navarre	parent	Joan_II_of_Navarre
Nicholas_Francis	parent	Francis_II_Duke_of_Lorraine
John_II	parent	Isabel_of_Coimbra
Archduchess_Maria_Theresa	parent	Francis_IV_Duke_of_Modena
Berenguer_Ramon_I,_Count_of_Barcelona	parent	Ramon_Borrell_Count_of_Barcelona
Henry_V	parent	Henry_IV_of_England
James_II	parent	Joan_Beaufort_Queen_of_Scots
Margaret_of_Scotland	parent	Joan_Beaufort_Queen_of_Scots
Caroline_of_Nassau_Saarbr_cken	parent	Louis_Crato_Count_of_Nassau_Saarbr_cken
James_I	parent	Louis_I_Duke_of_Bourbon
Peter_I	parent	Louis_I_Duke_of_Bourbon
Lady_Joan_FitzAlan	parent	Richard_Fitzalan_3rd_Earl_of_Arundel
Theobald_II	parent	Stephen_Count_of_Blois
Albert_I	parent	Gertrude_of_Hohenberg
Rudolf_I	parent	Albert_IV_Count_of_Habsburg
William_III	parent	Stephen_I_Count_of_Burgundy
Henry_III	parent	Henry_II_Duke_of_Brabant
Matilda_of_Brabant	parent	Henry_II_Duke_of_Brabant
Christina_of_Saxony	parent	George_Duke_of_Saxony
Rudolph	parent	Richard_Duke_of_Burgundy
Ferdinand_I	parent	Philip_I_of_Castile
Charles_V	parent	Philip_I_of_Castile
Otto_V	parent	Frederick_II_Duke_of_Brunswic_L_neburg
William_the_Good	parent	Philippa_of_Luxembourg
Mahaut_of_Artois	parent	Robert_II_Count_of_Artois
Baldwin_VI	parent	Adela_of_France
Infanta_Beatrice	parent	Isabel_of_Barcelos
Isabella_of_Portugal	parent	Isabel_of_Barcelos
Joan_Beaufort	parent	Margaret_Holland_Duchess_of_Clarence
William_IX	parent	William_VIII_Duke_of_Aquitaine
Geoffrey_Plantagenet	parent	Fulk_King_of_Jerusalem
Berthold_I	parent	Berthold_II_Count_of_Andechs
Afonso_II	parent	Dulce_of_Aragon
Duchess_Magdalene_Sibylle_of_Prussia	parent	Marie_Eleonore_of_Cleves
Odo_II	parent	Odo_I_Count_of_Blois
James_Hepburn	parent	Patrick_Hepburn_3rd_Earl_of_Bothwell
Henry_I	parent	Godfrey_III_Count_of_Louvain
Adolf_Frederick_I	parent	Sophia_of_Holstei_Gottorp
Theobald_II	parent	Theobald_I_of_Navarre
Joan	parent	Marie_Countess_of_Ponthieu
Ingeborg_of_Denmark	parent	Valdemar_I_of_Denmark
Francis_IV	parent	Maria_Beatrice_d_Este_Duchess_of_Massa
Maria_Theresa_of_Austria_Este	parent	Maria_Beatrice_d_Este_Duchess_of_Massa
Afonso_IV	parent	Denis_of_Portugal
Cosimo_I_de__Medici	parent	Giovanni_delle_Bande_Nere
Leopold_II	parent	Francis_I_Holy_Roman_Emperor
Archduke_Ferdinand	parent	Francis_I_Holy_Roman_Emperor
Princess_Marie_Caroline	parent	Archduchess_Maria_Clementina_of_Austria
Berengar_II	parent	Adalbert_I_of_Ivrea
Robert_II	parent	Agnes_de_Baudemont_Countess_of_Braine
Arnulf_I	parent	_lfthryth_Countess_of_Flanders
Valdemar_I	parent	Ingeborg_of_Kiev
Ingegerd_Olofsdotter	parent	Olof_Sk_tkonung
Marie,_Countess_of_Ponthieu	parent	Alys_of_France_Countess_of_Vexin
James_Stewart	parent	Alexander_Stewart_4th_High_Steward_of_Scotland
Mahaut_of_Artois	parent	Amicie_de_Courtenay
Francis_I	parent	_lisabeth_Charlotte_d_Orl_ans
Philippe_II	parent	Philippe_I_Duke_of_Orl_ans
Jeanne_III	parent	Henry_II_of_Navarre
Denis	parent	Afonso_III_of_Portugal
Rudolph	parent	Adelaide_of_Auxerre_born_c._870
Alfonso_XI	parent	Constance_of_Portugal
Louise_Marie_Ad_la_de_de_Bourbo_Penthi_vre	parent	Louis_Jean_Marie_de_Bourbon_Duke_of_Penthi_vre
Louis_VI	parent	Philip_I_of_France
Philip_II	parent	Louis_VII_of_France
Alys	parent	Louis_VII_of_France
Arnulf	parent	Dirk_II_Count_of_Holland
Eckhard_I,_Count_of_Scheyern	parent	Otto_I_Count_of_Scheyern
Elisabeth_of_France	parent	Marie_de_Medici
Conrad_I	parent	Rudolph_II_of_Burgundy
John_I	parent	Peter_I_Duke_of_Brittany
Louis_I	parent	Letizia_Bonaparte
Theobald_II	parent	Adela_of_Normandy
Richard_of_Montfort	parent	John_IV_Duke_of_Brittany
Henry_the_Middle	parent	Anna_of_Nassau_Dillenburg
Mary_Tudor	parent	Henry_VII_of_England
Rudolph_II	parent	Guilla_of_Provence
Baldwin_II	parent	Richilde_Countess_of_Hainaut
William_of_Winchester	parent	Henry_the_Lion
G_rard_I,_Duke_of_Lorraine	parent	Gerard_de_Bouzonville
Hugh_III	parent	Odo_II_Duke_of_Burgundy
William_VIII,_Duke_of_Aquitaine	parent	William_V_Duke_of_Aquitaine
Henry_IV	parent	Blanche_of_Lancaster
Stephen_III,_Duke_of_Bavaria	parent	Elisabeth_of_Sicily_Duchess_of_Bavaria
Louis_I	parent	Otto_I_Duke_of_Bavaria
Robert_II	parent	Yolande_of_Dreux_Duchess_of_Burgundy
Adelaide_of_Burgundy	parent	Yolande_of_Dreux_Duchess_of_Burgundy
Peter_of_Courtenay,_Lord_of_Conches	parent	Robert_of_Courtenay_Lord_of_Champignelles
Adolphus_Frederick_II	parent	Adolphus_Frederick_I_Duke_of_Mecklenburg_Schwerin
Edward_III	parent	Isabella_of_France
Louis_VIII	parent	Isabella_of_Hainault
John_I	parent	Juana_Manuel
Otto_IV	parent	Hugh_Count_of_Burgundy
Philippe	parent	Duchess_Helene_of_Mecklenburg_Schwerin
Matthew_Stewart	parent	John_Stewart_1st_Earl_of_Lennox
Maud_FitzJohn	parent	John_Fitzgeoffrey
Elizabeth_of_Bohemia	parent	Wenceslaus_II_of_Bohemia
Albert_II	parent	Elisabeth_of_Carinthia_Queen_of_the_Romans
Ludovico_di_Giovanni_de__Medici	parent	Giovanni_il_Popolano
Ferdinand_II_of_Le_n_and_Galicia	parent	Alfonso_VII_of_Le_n_and_Castile
Sancho_III	parent	Alfonso_VII_of_Le_n_and_Castile
Baldwin_III,_Count_of_Flanders	parent	Arnulf_I_Count_of_Flanders
Rudolph_II,_Count_of_Habsburg	parent	Albert_III_Count_of_Habsburg
Elizabeth_of_Austria	parent	Elizabeth_of_Luxembourg
Elisabeth_Amalie_of_Hesse_Darmstadt	parent	Sophia_Eleonore_of_Saxony
Peter_II	parent	Sancha_of_Castile_Queen_of_Aragon
Alfonso_II	parent	Sancha_of_Castile_Queen_of_Aragon
George_Gordon,_4th_Earl_of_Huntly	parent	Margaret_Stewart_Lady_Gordon
John_the_Blind	parent	Margaret_of_Brabant
Sancho_I	parent	Afonso_I_of_Portugal
Alfonso_the_Chaste	parent	Petronilla_of_Aragon
Henry_II	parent	Lambert_II_Count_of_Louvain
Margaret_of_Bourbon	parent	Agnes_of_Burgundy_Duchess_of_Bourbon
Magnus_II	parent	Magnus_I_Duke_of_Brunswic_L_neburg
Claude	parent	Louis_XII
Anna_Gonzaga	parent	Charles_I_Gonzaga_Duke_of_Mantua
Reignar_III	parent	Adelaide_of_Burgundy_born_c._896
Louis_I	parent	Robert_Count_of_Clermont
Isabella_I	parent	John_II_of_Castile
Ingeborg_of_Denmark	parent	Sophia_of_Minsk
Maria_Anna_of_Bavaria	parent	Albert_V_Duke_of_Bavaria
Ecgberht	parent	Ealhmund_of_Kent
Henry_of_Burgundy	parent	Robert_I_Duke_of_Burgundy
Alfonso_VII	parent	Urraca_of_Le_n
Hugh	parent	Theobald_of_Arles
Maria_Teresa_d_Este	parent	Francesco_III_d_Este_Duke_of_Modena
Margaret_of_Flanders,_Duchess_of_Brabant	parent	Matilda_of_B_thune
George_I	parent	Ernest_Augustus_Elector_of_Hanover
Marie_Th_r_se	parent	Marie_Antoinette
Otto_II	parent	Louis_I_Duke_of_Bavaria
Afonso_I	parent	Theresa_Countess_of_Portugal
Charles	parent	Francis_Count_of_Vend_me
John_of_Bourbon	parent	James_I_Count_of_La_Marche
Infanta_Luisa_Fernanda	parent	Maria_Christina_of_the_Two_Sicilies
Margaret_of_Flanders,_Duchess_of_Brabant	parent	Guy_Count_of_Flanders
Felix_V	parent	Bonne_of_Berry
Philip_II_&_I	parent	Isabella_of_Portugal
Maria_of_Austria	parent	Isabella_of_Portugal
Philip_II	parent	Adela_of_Champagne
Francis_I	parent	Ren_e_of_Bourbon
Nicolas	parent	Ren_e_of_Bourbon
Ren__I	parent	Yolande_of_Aragon
Charles_Emmanuel_II	parent	Victor_Amadeus_I_Duke_of_Savoy
Augusta_of_Saxe_Gotha	parent	Frederick_II_Duke_of_Saxe_Gotha_Altenburg
Philip_II	parent	Louis_Duke_of_Savoy
John_I	parent	Marie_de_Ch_tillon_1323_1363
Joan_I	parent	Blanche_of_Artois
Charles_V_of_Lorraine	parent	Claude_Fran_oise_de_Lorraine
Albert_I	parent	Rudolf_I_of_Germany
James_V	parent	Margaret_Tudor
Robert_II	parent	Walter_Stewart_6th_High_Steward_of_Scotland
John_I	parent	Peter_I_of_Portugal
Beatrice_of_Portugal	parent	Peter_I_of_Portugal
John	parent	Stephen_III_of_Auxonne
Frederick_II,_Count_of_Vaud_mont	parent	Antoine_Count_of_Vaud_mont
Margaret	parent	Mary_of_Hungary_Queen_of_Naples
John,_Count_of_Hainaut	parent	Bouchard_IV_of_Avesnes
Peter_I	parent	Beatrice_of_Castile_1293_1359
Otto_V	parent	Magdalene_of_Brandenburg_1412_1454
Joan_I	parent	Henry_I_of_Navarre
Stephen_III,_Duke_of_Bavaria	parent	Stephen_II_Duke_of_Bavaria
Alice_Holland	parent	Eleanor_of_Lancaster
Cosimo_di_Giovanni_de__Medici	parent	Giovanni_di_Bicci_de_Medici
Philippe_I	parent	Anne_of_Austria
Margaret_of_Austria	parent	Maria_Anna_of_Bavaria_born_1551
Ferdinand_II	parent	Juana_Enr_quez
Louis_I	parent	Carlo_Buonaparte
Princess_Caroline_Louise	parent	Karl_August_Grand_Duke_of_Saxe_Weimar_Eisenach
Philip_the_Handsome	parent	Mary_of_Burgundy
Arnulf_II	parent	Matilda_of_Saxony_countess_of_Flanders
Caroline	parent	Countess_Caroline_of_Nassau_Saarbr_cken
Margaret_Holland	parent	Thomas_Holland_2nd_Earl_of_Kent
Reginald_I	parent	Ermentrude_de_Roucy
Louis_II	parent	Agnes_of_the_Palatinate
Infanta_Luisa_Fernanda	parent	Ferdinand_VII_of_Spain
Maria_Teresa_d_Este	parent	Charlotte_Agla__d_Orl_ans
Joan_I	parent	William_XII_Count_of_Auvergne
Denis	parent	Beatrice_of_Castile_1242_1303
Albert_Azzo_I,_Margrave_of_Milan	parent	Oberto_II_Margrave_of_Milan
Isabella	parent	Charles_II_Duke_of_Lorraine
Charles_Emmanuel_III	parent	Anne_Marie_d_Orl_ans
Henry_IV	parent	Jeanne_d_Albret
Philip_IV	parent	Isabella_of_Aragon_Queen_of_France
Charles	parent	Isabella_of_Aragon_Queen_of_France
Reignar_II	parent	Reginar_Longneck
William_I	parent	Alice_of_Normandy
Mary_of_Burgundy	parent	Margaret_of_Bavaria
Agnes_of_Burgundy	parent	Margaret_of_Bavaria
Boson_of_Valois_and_Turin	parent	Boso_II_of_Italy
Matilda_of_Saxony	parent	Hermann_Billung
Frederick_III	parent	Matthias_II_Duke_of_Lorraine
Godfrey_I	parent	Henry_II_Count_of_Louvain
James_IV	parent	Margaret_of_Denmark_Queen_of_Scotland
Anna_Maria_of_East_Frisia	parent	Anna_of_Holstei_Gottorp
Antoine,_Count_of_Vaud_mont	parent	Frederick_I_Count_of_Vaud_mont
Lothair	parent	Louis_IV_of_France
Geoffrey_Plantagenet	parent	Ermengarde_Countess_of_Maine
Baldwin_III,_Count_of_Flanders	parent	Adele_of_Vermandois
Baldwin_IV	parent	Baldwin_III_Count_of_Hainaut
Theobald_I,_Count_of_Blois	parent	Theobald_the_Elder
William_VIII,_Duke_of_Aquitaine	parent	Agnes_of_Burgundy_Duchess_of_Aquitaine
Valdemar_I	parent	Canute_Lavard
Agnes_of_France	parent	Margaret_of_Provence
Philip_III	parent	Margaret_of_Provence
Anna_Maria_of_East_Frisia	parent	Enno_III_Count_of_East_Frisia
Berthold_IV_of_Andechs	parent	Berthold_I_of_Istria
Ren__II	parent	Frederick_II_Count_of_Vaud_mont
Marie_of_Brittany,_Countess_of_Saint_Pol	parent	John_II_Duke_of_Brittany
Arthur_II	parent	John_II_Duke_of_Brittany
Louis,_Count_of_Vend_me	parent	John_I_Count_of_La_Marche
Charlotte_of_Bourbon	parent	John_I_Count_of_La_Marche
Lorenzo_de__Medici	parent	Lucrezia_Tornabuoni
Lorenzo_di_Piero_de__Medici	parent	Lucrezia_Tornabuoni
John_II	parent	John_I_Count_of_Hainaut
Francis_I	parent	Leopold_Duke_of_Lorraine
George	parent	William_the_Younger_Duke_of_Brunswic_L_neburg
Frederick	parent	Caroline_of_Ansbach
Louis_II	parent	Otto_II_Duke_of_Bavaria
Frederick_I	parent	Frederick_I_Duke_of_Lorraine
Maria_Clementina_of_Austria	parent	Maria_Luisa_of_Spain
Alfonso_VII	parent	Raymond_of_Burgundy
Louis_I	parent	Beatrice_of_Burgundy_Lady_of_Bourbon
Henry_II	parent	Henry_I_Duke_of_Brabant
Fran_oise_d_Aubign_	parent	Constant_d_Aubign_
Baldwin_III	parent	Baldwin_II_Count_of_Hainaut
Berengar_II	parent	Gisela_of_Friuli
Louis_Philippe_I	parent	Louis_Duke_of_Orl_ans_1703_1752
Charles_III	parent	Claudine_de_Brosse
James_I	parent	Peter_II_of_Aragon
Charles_Ferdinand	parent	Charles_X
Henry_of_Burgundy	parent	Helie_of_Semur
Magdalena_Augusta_of_Anhalt_Zerbst	parent	Charles_Prince_of_Anhalt_Zerbst
Philip_III_&_II	parent	Anna_of_Austria_Queen_of_Spain
Ermengarde,_Countess_of_Maine	parent	Elias_I_Count_of_Maine
Infante_Ferdinand	parent	Edward_King_of_Portugal
Afonso_V	parent	Edward_King_of_Portugal
Antoine	parent	Philippa_of_Guelders
Maria_Beatrice_d_Este	parent	Maria_Teresa_Cybo_Malaspina_Duchess_of_Massa
Marie_of_Brabant	parent	Adelaide_of_Burgundy_Duchess_of_Brabant
Otto_William	parent	Gerberga_of_M_con
Isabella	parent	Margaret_of_the_Palatinate
Peter_I	parent	Mary_of_Avesnes
James_I	parent	Mary_of_Avesnes
Odo_IV	parent	Robert_II_Duke_of_Burgundy
Reignar_III	parent	Reginar_II_Count_of_Hainaut
Philip_III	parent	Margaret_of_Artois
Albert_IV,_Count_of_Habsburg	parent	Rudolf_II_Count_of_Habsburg
Dirk_III	parent	Arnulf_Count_of_Holland
Arthur_II	parent	Beatrice_of_England
Marie_of_Brittany,_Countess_of_Saint_Pol	parent	Beatrice_of_England
Theobald_I	parent	Theobald_III_Count_of_Champagne
Francesco_I_de__Medici	parent	Cosimo_I_de_Medici_Grand_Duke_of_Tuscany
Cosimo_I_de__Medici	parent	Maria_Salviati
Philip	parent	Adelaide_of_Maurienne
Louis_VII	parent	Adelaide_of_Maurienne
Charles_of_Orl_ans,_Count_of_Angoul_me	parent	John_Count_of_Angoul_me
Lorenzo_II_de__Medici	parent	Alfonsina_Orsini
John_IV	parent	Joanna_of_Flanders
Arnulf_I	parent	Baldwin_II_Margrave_of_Flanders
Marie_Th_r_se	parent	Louis_XVI
Victor_Amadeus_II	parent	Marie_Jeanne_Baptiste_of_Savoy_Nemours
Louis	parent	Maria_Theresa_of_Spain
_lffl_d	parent	_thelhelm
Theobald_III	parent	Marie_of_France_Countess_of_Champagne
Sophia_Albertine,_Countess_of_Erbach_Erbach	parent	George_Louis_I_Count_of_Erbach_Erbach
Maximilian_I	parent	Eleanor_of_Portugal_Holy_Roman_Empress
John_II	parent	Afonso_V_of_Portugal
Ramon_Berenguer_IV	parent	Garsenda_Countess_of_Forcalquier
Matthias	parent	Adelaide_of_Leuven
Welf_I	parent	Albert_Azzo_II_Margrave_of_Milan
Richard	parent	Bivin_of_Gorze
Theobald_II	parent	Frederick_III_Duke_of_Lorraine
Charles_VIII	parent	Charlotte_of_Savoy
Beatrice_of_Portugal	parent	In_s_de_Castro
Philip_II_&_I	parent	Charles_V_Holy_Roman_Emperor
Afonso_III	parent	Afonso_II_of_Portugal
Marie,_Countess_of_Ponthieu	parent	William_IV_Count_of_Ponthieu
William_X	parent	Philippa_Countess_of_Toulouse
Robert_I,_Count_of_Dreux	parent	Louis_VI_of_France
Louis_VII	parent	Louis_VI_of_France
Ferdinand_II	parent	John_II_of_Aragon
Robert_III	parent	Elizabeth_Mure
Otto_William	parent	Adalbert_of_Italy
Ingegerd_Olofsdotter	parent	Estrid_of_the_Obotrites
A_nor_of_Ch_tellerault	parent	Dangereuse_de_l_Isle_Bouchard
John,_Count_of_Angoul_me	parent	Louis_I_Duke_of_Orl_ans
Fulk_(V)	parent	Bertrade_of_Montfort
Hugh_IV	parent	Odo_III_Duke_of_Burgundy
Ernest_I	parent	Henry_the_Middle_Duke_of_Brunswic_L_neburg
Ramon_Berenguer_III	parent	Ramon_Berenguer_II_Count_of_Barcelona
Odo_II	parent	Hugh_II_Duke_of_Burgundy
Margaret_of_Bourbon	parent	Charles_I_Duke_of_Bourbon
Elizabeth_of_Austria	parent	Albert_II_of_Germany
Caroline	parent	Christian_III_Count_Palatine_of_Zweibr_cken
Nicholas_Francis	parent	Christina_of_Salm
John_VIII	parent	Louis_Count_of_Vend_me
William	parent	Ernest_I_Duke_of_Brunswic_L_neburg
Marie_Isabelle_de_Orl_ans_y_Borb_n	parent	Antoine_Duke_of_Montpensier
Stephen_of_Blois	parent	Theobald_III_Count_of_Blois
Margaret_of_Burgundy	parent	Agnes_of_France_Duchess_of_Burgundy
Victor_Amadeus_II	parent	Charles_Emmanuel_II_Duke_of_Savoy
Henry_IX	parent	Judith_of_Flanders_died_1095
Henry_Stuart	parent	Matthew_Stewart_4th_Earl_of_Lennox
Maximilian_I	parent	Frederick_III_Holy_Roman_Emperor
Magnus_II	parent	Sophia_of_Brandenburg
Francis_II_/_I	parent	Leopold_II_Holy_Roman_Emperor
Isabella_of_Valois	parent	Mahaut_of_Ch_tillon
Charles_VII	parent	Isabeau_of_Bavaria
Frederick_I	parent	Wierzchoslawa_Ludmilla_of_Greater_Poland
Lorenzo_II_de__Medici	parent	Piero_the_Unfortunate
Maria_of_Aragon	parent	Isabella_I_of_Castile
Godfrey_III	parent	Godfrey_II_Count_of_Louvain
Ernest_II	parent	Viridis_Visconti
Mary	parent	James_V_of_Scotland
Mary_of_Burgundy	parent	John_the_Fearless
Frederick_III	parent	Ernest_Duke_of_Austria
Charles	parent	Valentina_Visconti_Duchess_of_Orl_ans
Odo	parent	Robert_the_Strong
Alfonso_VIII	parent	Sancho_III_of_Castile
Ramon_Berenguer_I_the_Old	parent	Berenguer_Ramon_I_Count_of_Barcelona
Sancho_III	parent	Berengaria_of_Barcelona
Ramon_Berenguer_II	parent	Ramon_Berenguer_I_Count_of_Barcelona
Simon_I,_Duke_of_Lorraine	parent	Theodoric_II_Duke_of_Lorraine
Infante_Ferdinand	parent	Eleanor_of_Aragon_Queen_of_Portugal
Eleanor_of_Portugal	parent	Eleanor_of_Aragon_Queen_of_Portugal
Afonso_V	parent	Eleanor_of_Aragon_Queen_of_Portugal
Johann_VII,_Duke_of_Mecklenburg	parent	Anna_Sophia_of_Prussia
Albert_II	parent	Albert_I_Duke_of_Brunswic_L_neburg
Benedicta_Henrietta_of_Hanover	parent	Edward_Count_Palatine_of_Simmern
Charles_Louis_Frederick	parent	Adolphus_Frederick_II_Duke_of_Mecklenburg_Strelitz
Charles_Emmanuel_II	parent	Christine_of_France
Ramon_Borrell,_Count_of_Barcelona	parent	Borrell_II_Count_of_Barcelona
Baldwin_II	parent	Judith_of_Flanders
Charles_Ferdinand	parent	Maria_Theresa_of_Savoy
Judith_of_Bavaria	parent	Hedwig_of_Bavaria
Emma_of_Altdorf	parent	Hedwig_of_Bavaria
Antoine	parent	Charles_Duke_of_Vend_me
Antoine	parent	Maria_Amalia_of_Naples_and_Sicily
Ferdinand_Philippe	parent	Maria_Amalia_of_Naples_and_Sicily
Ermengarde_of_Anjou	parent	Fulk_III_Count_of_Anjou
Louis_Philippe_Joseph_d_Orl_ans	parent	Louise_Henriette_de_Bourbon
Theobald_I,_Count_of_Blois	parent	Richende_De_Bourges
Frederick	parent	George_II_of_Great_Britain
Baldwin_IV	parent	Rozala_of_Italy
Piero_de__Medici	parent	Lorenzo_de_Medici
Matthias	parent	Simon_I_Duke_of_Lorraine
Louis	parent	Louis_XIV
Bertrade_de_Montfort	parent	Simon_I_de_Montfort
Henry_I,_Count_of_Champagne	parent	Matilda_of_Carinthia
Philip_the_Handsome	parent	Maximilian_I_Holy_Roman_Emperor
Marie_of_Luxembourg	parent	Margaret_of_Savoy_Countess_of_Saint_Pol
Joan_II	parent	Otto_IV_Count_of_Burgundy
Charles	parent	Philip_III_of_France
Philip_IV	parent	Philip_III_of_France
Ernest_II	parent	Leopold_III_Duke_of_Austria
Henry_VII	parent	Edmund_Tudor_1st_Earl_of_Richmond
William_X	parent	William_IX_Duke_of_Aquitaine
Henry_VI	parent	Margaret_of_Bar
_thelwulf	parent	Ecgberht_King_of_Wessex
Augusta_of_Saxe_Gotha	parent	Princess_Magdalena_Augusta_of_Anhalt_Zerbst
Theodoric_II	parent	Gerard_Duke_of_Lorraine
John	parent	Eleanor_of_Aquitaine
Philip_I	parent	Anne_of_Kiev
Albert_II	parent	Albert_I_of_Germany
Umberto_II	parent	Joan_of_Geneva
John_I	parent	Henry_II_of_Castile
Louis_IV	parent	Matilda_of_Habsburg
Johann_VII,_Duke_of_Mecklenburg	parent	Schwerin
Jeanne_de_Bourbon	parent	Isabelle_de_Beauvau
Otto_I_Wittelsbach,_Duke_of_Bavaria	parent	Otto_IV_Count_of_Scheyern
Baldwin_IV	parent	Arnulf_II_Count_of_Flanders
Robert_II	parent	Adelaide_of_Aquitaine
Frederick_II,_Count_of_Vaud_mont	parent	Marie_Countess_of_Harcourt
Louis	parent	Louis_Dauphin_of_France_son_of_Louis_XIV
Afonso_IV	parent	Elizabeth_of_Portugal
Sancho_I	parent	Matilda_of_Savoy_Queen_of_Portugal
Jeanne_III	parent	Margaret_of_Valois_Angoul_me
Victor_Amadeus_I	parent	Catalina_Micaela_of_Spain
Henry_V	parent	Mary_de_Bohun
George_I	parent	Sophia_of_Hanover
John_II	parent	Eleanor_of_Alburquerque
Duchess_Marie_Eleonore	parent	William_Duke_of_J_lich_Cleves_Berg
Owen_ap_Maredudd_ap_Tudur	parent	Margaret_ferch_Dafydd
Sir_Owen_Tudor	parent	Margaret_ferch_Dafydd
Victor_Amadeus_III	parent	Polyxena_of_Hesse_Rotenburg
Henry_II	parent	Francis_I_of_France
Henry_III	parent	Isabella_of_Angoul_me
Frederick_I	parent	Matthias_I_Duke_of_Lorraine
William_IV,_Duke_of_Aquitaine	parent	Gerloc
Antoine,_Count_of_Vaud_mont	parent	Margaret_of_Joinville
Baldwin_V,_Count_of_Hainaut	parent	Baldwin_IV_Count_of_Hainaut
William_the_Good	parent	John_II_Count_of_Holland
John_II	parent	Philip_VI_of_France
Louis_I	parent	Agnes_of_Loon
Louis_IX	parent	Blanche_of_Castile
Stephen_II	parent	William_III_of_M_con
Werner_I,_Count_of_Klettgau	parent	Radbot_of_Klettgau
George	parent	Dorothea_of_Denmark_Duchess_of_Brunswic_L_neburg
Hedwig	parent	Isambart
Frederick_II,_Duke_of_Brunswic_L_neburg	parent	Bernard_I_Duke_of_Brunswic_L_neburg
Philip_III_&_II	parent	Philip_II_of_Spain
Peter_I	parent	Afonso_IV_of_Portugal
Reginald_I	parent	Otto_William_Count_of_Burgundy
Emmanuel_Philibert	parent	Beatrice_of_Portugal_Duchess_of_Savoy
George_II	parent	George_I_of_Great_Britain
Owen_ap_Maredudd_ap_Tudur	parent	Maredudd_ap_Tudur
Sir_Owen_Tudor	parent	Maredudd_ap_Tudur
Odo_II	parent	Bertha_of_Burgundy
Henry_VII	parent	Beatrice_of_Avesnes
Louis_III	parent	Ansgarde_of_Burgundy
Maria_of_Hohenstaufen	parent	Philip_of_Swabia
Alfonso_II	parent	Alfonso_II_of_Aragon
Peter_II	parent	Alfonso_II_of_Aragon
Otto_IV	parent	Adelaide_Countess_of_Burgundy
Rudolph	parent	Elisabeth_of_Austria_Duchess_of_Lorraine
Fulk_II_of_Anjou	parent	Fulk_I_Count_of_Anjou
Robert_II	parent	Robert_I_Count_of_Dreux
Odo_I,_Count_of_Blois	parent	Luitgarde_of_Vermandois
Marie_of_Brabant	parent	Henry_III_Duke_of_Brabant
Frederick_I,_Count_of_Vaud_mont	parent	John_I_Duke_of_Lorraine
Joan_III	parent	Joan_II_Countess_of_Burgundy
Victor_Amadeus_III	parent	Charles_Emmanuel_III_of_Sardinia
Edward	parent	Philippa_of_Lancaster
Eleanor_of_England	parent	Henry_II_of_England
Sviatoslav_the_Brave	parent	Igor_of_Kiev
Afonso_I	parent	Henry_Count_of_Portugal
Rudolph	parent	Frederick_IV_Duke_of_Lorraine
Louise_of_Hesse_Darmstadt	parent	Louis_IX_Landgrave_of_Hesse_Darmstadt
Fran_oise_Ath_na_s_de_Rochechouart_de_Mortemart	parent	Gabriel_de_Rochechouart_de_Mortemart
Madame_de_Montespan	parent	Gabriel_de_Rochechouart_de_Mortemart
John_IV	parent	John_of_Montfort
Eleanor_of_Aragon	parent	Ferdinand_I_of_Aragon
Hugh_II	parent	Odo_I_Duke_of_Burgundy
Alfonso_IX	parent	Urraca_of_Portugal
Henry	parent	Henry_son_of_Robert_I_of_Burgundy
John_Stewart	parent	Matthew_Stewart_2nd_Earl_of_Lennox
Louis_Philippe_Joseph_d_Orl_ans	parent	Louis_Philippe_I_Duke_of_Orl_ans
Louis	parent	Marie_of_Brabant_Queen_of_France
George_Gordon,_4th_Earl_of_Huntly	parent	John_Gordon_Lord_Gordon
John_II	parent	Joan_the_Lame
William_V,_Duke_of_Aquitaine	parent	Emma_of_Blois
Ferdinand_III	parent	Berengaria_of_Castile
Baldwin_V	parent	Ogive_of_Luxembourg
John_I	parent	Rudolph_Duke_of_Lorraine
Emmanuel_Philibert	parent	Charles_III_Duke_of_Savoy
Baldwin_VI	parent	Baldwin_V_Count_of_Flanders
John_I	parent	Alix_Duchess_of_Brittany
Dirk_I	parent	Gerolf_of_Holland
James_V	parent	James_IV_of_Scotland
Sir_Alan_Stewart_of_Darnley	parent	John_Stewart_of_Darnley
Piero_the_Gouty	parent	Cosimo_de_Medici
Godfrey_I	parent	Verdun
Henry_IX	parent	Welf_I_Duke_of_Bavaria
Margaret	parent	Charles_II_of_Naples
Hugh_III_of_Ch_lon	parent	John_Count_of_Chalon
Giovanni_de__Medici	parent	Averardo_de_Medici
Benedicta_Henrietta_of_Hanover	parent	Anne_Gonzaga
Hugh_II	parent	Sibylla_of_Burgundy_Duchess_of_Burgundy
Henry_IV	parent	John_of_Gaunt
Antoine	parent	Fran_oise_d_Alen_on
A_nor_of_Ch_tellerault	parent	Aimery_I_Viscount_of_Ch_tellerault
Adelaide	parent	Conrad_II_Duke_of_Transjurane_Burgundy
Adelaide_of_Burgundy	parent	Hugh_IV_Duke_of_Burgundy
Robert_II	parent	Hugh_IV_Duke_of_Burgundy
Adolf_Frederick_I	parent	John_VII_Duke_of_Mecklenburg_Schwerin
Afonso_I	parent	Henry_Count_of_Portugal
Afonso_V	parent	Edward_King_of_Portugal
Eleanor_of_Portugal	parent	Edward_King_of_Portugal
Infante_Ferdinand	parent	Edward_King_of_Portugal
Sir_Alan_Stewart_of_Darnley	parent	John_Stewart_of_Darnley
Albert_Azzo_II,_Margrave_of_Milan	parent	Albert_Azzo_I_Margrave_of_Milan
Albert_Azzo_I,_Margrave_of_Milan	parent	Oberto_II_Margrave_of_Milan
Albert_II	parent	Albert_I_Duke_of_Brunswic_L_neburg
Albert_IV,_Count_of_Habsburg	parent	Rudolf_II_Count_of_Habsburg
Albert_I_the_Tall	parent	Otto_I_Duke_of_Brunswic_L_neburg
Alice_Holland	parent	Richard_Fitzalan_3rd_Earl_of_Arundel
Lady_Joan_FitzAlan	parent	Richard_Fitzalan_3rd_Earl_of_Arundel
Anna_Maria_of_East_Frisia	parent	Enno_III_Count_of_East_Frisia
Philip_IV_&_III	parent	Philip_III_of_Spain
Antoine,_Count_of_Vaud_mont	parent	Frederick_I_Count_of_Vaud_mont
Archduchess_Maria_Theresa	parent	Francis_IV_Duke_of_Modena
Arnulf_II	parent	Baldwin_III_Count_of_Flanders
Arnulf_I	parent	Baldwin_II_Margrave_of_Flanders
Baldwin_III,_Count_of_Flanders	parent	Arnulf_I_Count_of_Flanders
Baldwin_III	parent	Baldwin_II_Count_of_Hainaut
Baldwin_II	parent	Baldwin_VI_Count_of_Flanders
Baldwin_IV	parent	Arnulf_II_Count_of_Flanders
Baldwin_IV	parent	Baldwin_III_Count_of_Hainaut
Baldwin_VI	parent	Baldwin_V_Count_of_Flanders
Baldwin_V,_Count_of_Hainaut	parent	Baldwin_IV_Count_of_Hainaut
Ramon_Berenguer_IV	parent	Ramon_Berenguer_III_Count_of_Barcelona
Berenguer_Ramon_I,_Count_of_Barcelona	parent	Ramon_Borrell_Count_of_Barcelona
Berthold_IV_of_Andechs	parent	Berthold_I_of_Istria
Berthold_I	parent	Berthold_II_Count_of_Andechs
Marie_of_Brittany,_Countess_of_Saint_Pol	parent	John_II_Duke_of_Brittany
Joan_II	parent	Otto_IV_Count_of_Burgundy
Borrell_II,_Count_of_Barcelona	parent	Sunyer_Count_of_Barcelona
Louis_III	parent	Louis_the_Stammerer
Catherine_de_Foix	parent	Gaston_IV_Count_of_Foix
Charles_of_Orl_ans,_Count_of_Angoul_me	parent	John_Count_of_Angoul_me
Charles_V_of_Lorraine	parent	Nicholas_Francis_Duke_of_Lorraine
Charles_V	parent	Philip_I_of_Castile
Ferdinand_I	parent	Philip_I_of_Castile
Cosimo_di_Giovanni_de__Medici	parent	Giovanni_di_Bicci_de_Medici
Caroline_of_Nassau_Saarbr_cken	parent	Louis_Crato_Count_of_Nassau_Saarbr_cken
Sophia_Albertine,_Countess_of_Erbach_Erbach	parent	George_Louis_I_Count_of_Erbach_Erbach
Ebalus,_Duke_of_Aquitaine	parent	Ranulf_II_of_Aquitaine
Eckhard_I,_Count_of_Scheyern	parent	Otto_I_Count_of_Scheyern
Edward_III	parent	Edward_II_of_England
Ermengarde,_Countess_of_Maine	parent	Elias_I_Count_of_Maine
Ermengarde_of_Anjou	parent	Fulk_III_Count_of_Anjou
Ernest_II	parent	Leopold_III_Duke_of_Austria
Ernest_I	parent	Henry_the_Middle_Duke_of_Brunswic_L_neburg
Fran_oise_Ath_na_s_de_Rochechouart_de_Mortemart	parent	Gabriel_de_Rochechouart_de_Mortemart
Madame_de_Montespan	parent	Gabriel_de_Rochechouart_de_Mortemart
Fran_oise_d_Aubign_	parent	Constant_d_Aubign_
Francis_de_Bourbon	parent	John_VIII_Count_of_Vend_me
Jeanne_de_Bourbon	parent	John_VIII_Count_of_Vend_me
Francis	parent	Henry_II_of_France
Henry_III	parent	Henry_II_of_France
Frederick_III	parent	Ernest_Duke_of_Austria
Frederick_II,_Count_of_Vaud_mont	parent	Antoine_Count_of_Vaud_mont
Frederick_II,_Duke_of_Brunswic_L_neburg	parent	Bernard_I_Duke_of_Brunswic_L_neburg
Frederick_I,_Count_of_Vaud_mont	parent	John_I_Duke_of_Lorraine
Fulk_II_of_Anjou	parent	Fulk_I_Count_of_Anjou
George	parent	William_the_Younger_Duke_of_Brunswic_L_neburg
Ludovico_di_Giovanni_de__Medici	parent	Giovanni_il_Popolano
Giovanni_de__Medici	parent	Averardo_de_Medici
Gisela_of_Burgundy	parent	William_I_Count_of_Burgundy
Stephen_I	parent	William_I_Count_of_Burgundy
Godfrey_III	parent	Godfrey_II_Count_of_Louvain
Godfrey_I	parent	Henry_II_Count_of_Louvain
Hedwig	parent	Isambart
Henry_III	parent	Henry_II_Duke_of_Brabant
Matilda_of_Brabant	parent	Henry_II_Duke_of_Brabant
Henry_II	parent	Lambert_II_Count_of_Louvain
Henry_II	parent	Henry_I_Duke_of_Brabant
Henry_IV	parent	John_of_Gaunt
Henry_IX	parent	Welf_I_Duke_of_Bavaria
Henry_I	parent	Godfrey_III_Count_of_Louvain
Henry_of_Burgundy	parent	Robert_I_Duke_of_Burgundy
Henry_the_Middle	parent	Otto_V_Duke_of_Brunswic_L_neburg
Henry_I	parent	Robert_II_of_France
Robert_I	parent	Robert_II_of_France
Umberto_II	parent	Amadeus_II_Count_of_Savoy
Ingeborg_of_Denmark	parent	Valdemar_I_of_Denmark
Isabella_of_Portugal	parent	John_Constable_of_Portugal
Infanta_Beatrice	parent	John_Constable_of_Portugal
James_Hepburn	parent	Patrick_Hepburn_3rd_Earl_of_Bothwell
James_Stewart	parent	Alexander_Stewart_4th_High_Steward_of_Scotland
Joan_Beaufort	parent	John_Beaufort_1st_Earl_of_Somerset
John,_Count_of_Angoul_me	parent	Louis_I_Duke_of_Orl_ans
Charles	parent	Louis_I_Duke_of_Orl_ans
John	parent	Stephen_III_of_Auxonne
John_II	parent	John_I_Count_of_Hainaut
John,_Count_of_Hainaut	parent	Bouchard_IV_of_Avesnes
John_of_Bourbon	parent	James_I_Count_of_La_Marche
John_Stewart	parent	Alan_Stewart_of_Darnley
John_Stewart	parent	Matthew_Stewart_2nd_Earl_of_Lennox
John_VIII	parent	Louis_Count_of_Vend_me
Judith_of_Bavaria	parent	Welf_father_of_Judith
Emma_of_Altdorf	parent	Welf_father_of_Judith
Lambert_I	parent	Reginar_III_Count_of_Hainaut
Liudolf	parent	Brun_I_Count_of_Brunswick
Lorenzo_de__Medici	parent	Piero_di_Cosimo_de_Medici
Lorenzo_di_Piero_de__Medici	parent	Piero_di_Cosimo_de_Medici
Lorenzo_II_de__Medici	parent	Piero_the_Unfortunate
Louis_Antoine	parent	Charles_X
Charles_Ferdinand	parent	Charles_X
Louis,_Count_of_Vend_me	parent	John_I_Count_of_La_Marche
Charlotte_of_Bourbon	parent	John_I_Count_of_La_Marche
Louis_II	parent	Otto_II_Duke_of_Bavaria
Louis_I	parent	Otto_I_Duke_of_Bavaria
Marie_Th_r_se	parent	Louis_XVI
Magnus_II	parent	Magnus_I_Duke_of_Brunswic_L_neburg
Mahaut_of_Artois	parent	Robert_II_Count_of_Artois
Margaret_Holland	parent	Thomas_Holland_2nd_Earl_of_Kent
Margaret_of_Scotland	parent	James_I_of_Scotland
James_II	parent	James_I_of_Scotland
Margaret_of_Flanders,_Duchess_of_Brabant	parent	Guy_Count_of_Flanders
Archduchess_Maria	parent	Ferdinand_I_Holy_Roman_Emperor
Maximilian_II	parent	Ferdinand_I_Holy_Roman_Emperor
Joanna_of_Austria	parent	Ferdinand_I_Holy_Roman_Emperor
Anna_of_Austria	parent	Ferdinand_I_Holy_Roman_Emperor
Maria_of_Hohenstaufen	parent	Philip_of_Swabia
Marie,_Countess_of_Ponthieu	parent	William_IV_Count_of_Ponthieu
Matilde_of_Bavaria	parent	Louis_IV_Holy_Roman_Emperor
Stephan_II	parent	Louis_IV_Holy_Roman_Emperor
Matilda_of_Saxony	parent	Hermann_Billung
Matthew_Stewart	parent	John_Stewart_1st_Earl_of_Lennox
Nicholas_d_Oisy,_Lord_of_Avesnes	parent	Walter_I_Lord_of_Avesnes
Odo_II	parent	Odo_I_Count_of_Blois
Odo_I,_Count_of_Blois	parent	Theobald_I_Count_of_Blois
Odo	parent	Robert_the_Strong
Robert_I	parent	Robert_the_Strong
Otto_II	parent	Louis_I_Duke_of_Bavaria
Otto_IV	parent	Hugh_Count_of_Burgundy
Otto_I_Wittelsbach,_Duke_of_Bavaria	parent	Otto_IV_Count_of_Scheyern
Otto_the_Child	parent	William_of_Winchester_Lord_of_Lunenburg
Otto_I	parent	Liudolf_Duke_of_Saxony
Otto_V	parent	Frederick_II_Duke_of_Brunswic_L_neburg
Otto_William	parent	Adalbert_of_Italy
Owen_ap_Maredudd_ap_Tudur	parent	Maredudd_ap_Tudur
Sir_Owen_Tudor	parent	Maredudd_ap_Tudur
Peter_I	parent	Louis_I_Duke_of_Bourbon
James_I	parent	Louis_I_Duke_of_Bourbon
Peter_of_Courtenay,_Lord_of_Conches	parent	Robert_of_Courtenay_Lord_of_Champignelles
Philip_IV	parent	Philip_III_of_France
Louis	parent	Philip_III_of_France
Philip_VI	parent	Charles_Count_of_Valois
Isabella_of_Valois	parent	Charles_Count_of_Valois
Joan_of_Valois	parent	Charles_Count_of_Valois
Louis	parent	Louis_Dauphin_of_France_son_of_Louis_XIV
Philip	parent	Louis_VI_of_France
Robert_I,_Count_of_Dreux	parent	Louis_VI_of_France
Louis_VII	parent	Louis_VI_of_France
Mary_of_Burgundy	parent	John_the_Fearless
Piero_the_Gouty	parent	Cosimo_de_Medici
Piero_de__Medici	parent	Lorenzo_de_Medici
Ramon_Berenguer_III	parent	Ramon_Berenguer_II_Count_of_Barcelona
Ramon_Berenguer_II	parent	Ramon_Berenguer_I_Count_of_Barcelona
Ramon_Berenguer_I_the_Old	parent	Berenguer_Ramon_I_Count_of_Barcelona
Ramon_Borrell,_Count_of_Barcelona	parent	Borrell_II_Count_of_Barcelona
Reginald_I	parent	Otto_William_Count_of_Burgundy
Reignar_III	parent	Reginar_II_Count_of_Hainaut
Reignar_II	parent	Reginar_Longneck
Richard	parent	Bivin_of_Gorze
Rudolph_II,_Count_of_Habsburg	parent	Albert_III_Count_of_Habsburg
Rudolph	parent	Richard_Duke_of_Burgundy
Sophia_of_Saxe_Weissenfels	parent	Augustus_Duke_of_Saxe_Weissenfels
Stephen_of_Blois	parent	Theobald_III_Count_of_Blois
Stephen_III,_Duke_of_Bavaria	parent	Stephen_II_Duke_of_Bavaria
Stephen_II	parent	William_III_of_M_con
Sunyer,_Count_of_Barcelona	parent	Wilfred_the_Hairy
Theobald_III	parent	Henry_I_Count_of_Champagne
Theobald_II	parent	Stephen_Count_of_Blois
Theobald_I,_Count_of_Blois	parent	Theobald_the_Elder
Welf_I	parent	Albert_Azzo_II_Margrave_of_Milan
Werner_II,_Count_of_Habsburg	parent	Otto_II_Count_of_Habsburg
Werner_I,_Count_of_Klettgau	parent	Radbot_of_Klettgau
Wilfred	parent	Sunifred_Count_of_Barcelona
William_III	parent	Stephen_I_Count_of_Burgundy
William_IV,_Duke_of_Aquitaine	parent	William_III_Duke_of_Aquitaine
William_IX	parent	William_VIII_Duke_of_Aquitaine
William_the_Good	parent	John_II_Count_of_Holland
William_VIII,_Duke_of_Aquitaine	parent	William_V_Duke_of_Aquitaine
William_of_Winchester	parent	Henry_the_Lion
Hedwige_of_Saxony	parent	Henry_the_Fowler
Boson_of_Valois_and_Turin	parent	Boso_II_of_Italy
Blanche_of_Navarre	parent	Philip_III_of_Navarre
Hugh	parent	Theobald_of_Arles
Philip_the_Handsome	parent	Maximilian_I_Holy_Roman_Emperor
Henry_II	parent	Francis_I_of_France
Simon_I,_Duke_of_Lorraine	parent	Theodoric_II_Duke_of_Lorraine
Archduke_Ferdinand	parent	Francis_I_Holy_Roman_Emperor
Leopold_II	parent	Francis_I_Holy_Roman_Emperor
Hugh_IV	parent	Odo_III_Duke_of_Burgundy
Hugh_II	parent	Odo_I_Duke_of_Burgundy
Charles_Emmanuel_II	parent	Victor_Amadeus_I_Duke_of_Savoy
Denis	parent	Afonso_III_of_Portugal
_thelwulf	parent	Ecgberht_King_of_Wessex
Francis_II_/_I	parent	Leopold_II_Holy_Roman_Emperor
Louis_VI	parent	Philip_I_of_France
Sancho_III	parent	Alfonso_VII_of_Le_n_and_Castile
Ferdinand_II_of_Le_n_and_Galicia	parent	Alfonso_VII_of_Le_n_and_Castile
Philip_II	parent	Louis_Duke_of_Savoy
Margaret_of_Savoy	parent	Louis_Duke_of_Savoy
Ferdinand_II	parent	John_II_of_Aragon
Eleanor_of_Aragon	parent	Ferdinand_I_of_Aragon
John_II	parent	Ferdinand_I_of_Aragon
Charles	parent	Francis_Count_of_Vend_me
Alfonso_IX	parent	Ferdinand_II_of_Le_n
Antoine	parent	Charles_Duke_of_Vend_me
John_I	parent	Rudolph_Duke_of_Lorraine
Louis_Philippe_I	parent	Louis_Duke_of_Orl_ans_1703_1752
Ingegerd_Olofsdotter	parent	Olof_Sk_tkonung
Richard_of_Montfort	parent	John_IV_Duke_of_Brittany
Afonso_IV	parent	Denis_of_Portugal
Agnes_of_France	parent	Louis_IX_of_France
Philip_III	parent	Louis_IX_of_France
Robert	parent	Louis_IX_of_France
Igor_the_Old	parent	Rurik
Sancho_I	parent	Afonso_I_of_Portugal
Bertrade_de_Montfort	parent	Simon_I_de_Montfort
Joan_the_Lame	parent	Robert_II_Duke_of_Burgundy
Margaret_of_Burgundy	parent	Robert_II_Duke_of_Burgundy
Odo_IV	parent	Robert_II_Duke_of_Burgundy
Ramon_Berenguer_IV	parent	Alfonso_II_Count_of_Provence
Maria_Teresa_d_Este	parent	Francesco_III_d_Este_Duke_of_Modena
Princess_Marie_Caroline	parent	Francis_I_of_the_Two_Sicilies
Caroline	parent	Christian_III_Count_Palatine_of_Zweibr_cken
John_I	parent	Peter_I_of_Portugal
Louis	parent	Louis_XIV
Robert_II	parent	Walter_Stewart_6th_High_Steward_of_Scotland
Philip_III	parent	Louis_Count_of__vreux
James_IV	parent	James_III_of_Scotland
Mary_Tudor	parent	Henry_VII_of_England
Theobald_I	parent	Theobald_III_Count_of_Champagne
Ernest_Augustus	parent	George_Duke_of_Brunswic_Calenberg
Margaret	parent	Charles_II_of_Naples
Elisabeth_of_France	parent	Henry_IV_of_France
Louise_of_Hesse_Darmstadt	parent	Louis_IX_Landgrave_of_Hesse_Darmstadt
Cosimo_I_de__Medici	parent	Giovanni_delle_Bande_Nere
Rudolph	parent	Frederick_IV_Duke_of_Lorraine
Philippe_I	parent	Louis_XIII
Philippe_II	parent	Philippe_I_Duke_of_Orl_ans
Louis_I_of_Orl_ans	parent	Charles_V_of_France
Francis_IV	parent	Ferdinand_Karl_Archduke_of_Austria_Este
Sancho_IV	parent	Alfonso_X_of_Castile
Albert_I	parent	Rudolf_I_of_Germany
Elizabeth_of_Bohemia	parent	Wenceslaus_II_of_Bohemia
Eleanor_of_England	parent	Henry_II_of_England
Mary	parent	James_V_of_Scotland
John_II	parent	Afonso_V_of_Portugal
Maximilian_I	parent	Frederick_III_Holy_Roman_Emperor
Theodoric_II	parent	Gerard_Duke_of_Lorraine
Henry_Stuart	parent	Matthew_Stewart_4th_Earl_of_Lennox
Victor_Amadeus_II	parent	Charles_Emmanuel_II_Duke_of_Savoy
Ren__II	parent	Frederick_II_Count_of_Vaud_mont
Sviatoslav_the_Brave	parent	Igor_of_Kiev
Arnulf	parent	Dirk_II_Count_of_Holland
Marie_Isabelle_de_Orl_ans_y_Borb_n	parent	Antoine_Duke_of_Montpensier
Elizabeth_of_Austria	parent	Albert_II_of_Germany
Geoffrey_Plantagenet	parent	Fulk_King_of_Jerusalem
Francesco_I_de__Medici	parent	Cosimo_I_de_Medici_Grand_Duke_of_Tuscany
Maria_Josepha_of_Saxony	parent	Augustus_III_of_Poland
Elisabeth_Albertine	parent	Ernest_Frederick_I_Duke_of_Saxe_Hildburghausen
Berengar_II	parent	Adalbert_I_of_Ivrea
Alfonso_VIII	parent	Sancho_III_of_Castile
Joan_I	parent	William_XII_Count_of_Auvergne
John_II	parent	Philip_VI_of_France
Albert_II	parent	Albert_I_of_Germany
Peter_II	parent	Alfonso_II_of_Aragon
Francis_I	parent	Antoine_Duke_of_Lorraine
Nicolas	parent	Antoine_Duke_of_Lorraine
Louise_Marie_Ad_la_de_de_Bourbo_Penthi_vre	parent	Louis_Jean_Marie_de_Bourbon_Duke_of_Penthi_vre
Philip_II	parent	Louis_VII_of_France
Alys	parent	Louis_VII_of_France
James_I	parent	Robert_III_of_Scotland
Margaret_of_Austria	parent	Charles_II_Archduke_of_Austria
Maria_of_Austria	parent	Charles_V_Holy_Roman_Emperor
Philip_II_&_I	parent	Charles_V_Holy_Roman_Emperor
Henry	parent	Henry_son_of_Robert_I_of_Burgundy
Odo_I	parent	Henry_son_of_Robert_I_of_Burgundy
G_rard_I,_Duke_of_Lorraine	parent	Gerard_de_Bouzonville
George_I	parent	Ernest_Augustus_Elector_of_Hanover
Louis_I	parent	Robert_Count_of_Clermont
William_X	parent	William_IX_Duke_of_Aquitaine
Maria_Anna_of_Bavaria	parent	Albert_V_Duke_of_Bavaria
John_I	parent	Peter_I_Duke_of_Brittany
Dorothea_Sophie	parent	Philip_William_Elector_Palatine
William	parent	Ernest_I_Duke_of_Brunswic_L_neburg
Maria_of_Aragon	parent	Ferdinand_II_of_Aragon
Francis_I	parent	Leopold_Duke_of_Lorraine
Adolphus_Frederick_II	parent	Adolphus_Frederick_I_Duke_of_Mecklenburg_Schwerin
Louis_IV	parent	Louis_II_Duke_of_Bavaria
Marie_of_Cleves	parent	Adolph_I_Duke_of_Cleves
Conrad_I	parent	Rudolph_II_of_Burgundy
Charles_Louis_Frederick	parent	Adolphus_Frederick_II_Duke_of_Mecklenburg_Strelitz
Isabella	parent	Charles_II_Duke_of_Lorraine
Rudolf_I	parent	Albert_IV_Count_of_Habsburg
Nicholas_Francis	parent	Francis_II_Duke_of_Lorraine
John_I	parent	Henry_II_of_Castile
Odo_II	parent	Hugh_II_Duke_of_Burgundy
Edward_I	parent	Henry_III_of_England
Lothair	parent	Louis_IV_of_France
Maria_Theresa_of_Naples	parent	Ferdinand_I_of_the_Two_Sicilies
Victor_Amadeus_III	parent	Charles_Emmanuel_III_of_Sardinia
George_II	parent	George_I_of_Great_Britain
Claude	parent	Louis_XII
Robert_II	parent	Robert_I_Count_of_Dreux
Christina_of_Saxony	parent	George_Duke_of_Saxony
Frederick_III	parent	Matthias_II_Duke_of_Lorraine
Ecgberht	parent	Ealhmund_of_Kent
Anna_Gonzaga	parent	Charles_I_Gonzaga_Duke_of_Mantua
Magdalena_Augusta_of_Anhalt_Zerbst	parent	Charles_Prince_of_Anhalt_Zerbst
Louis_VIII	parent	Philip_II_of_France
Henry_V	parent	Henry_IV_of_England
Ferdinand_I	parent	Charles_III_of_Spain
Emmanuel_Philibert	parent	Charles_III_Duke_of_Savoy
Afonso_II	parent	Sancho_I_of_Portugal
Peter_I	parent	Afonso_IV_of_Portugal
Marie_of_Brabant	parent	Henry_III_Duke_of_Brabant
A_nor_of_Ch_tellerault	parent	Dangereuse_de_l_Isle_Bouchard
Robert_III	parent	Elizabeth_Mure
Umberto_II	parent	Joan_of_Geneva
Ferdinand_I	parent	Maria_Amalia_of_Saxony
Edward_III	parent	Isabella_of_France
Frederick_II,_Count_of_Vaud_mont	parent	Marie_Countess_of_Harcourt
Theobald_I,_Count_of_Blois	parent	Richende_De_Bourges
Charlotte_of_Bourbon	parent	Catherine_of_Vend_me
Adelaide	parent	Waldrada_of_Worms
Hugh	parent	Bertha_daughter_of_Lothair_II
Hugh_IV	parent	Alice_of_Vergy
Philip	parent	Adelaide_of_Maurienne
Robert_I,_Count_of_Dreux	parent	Adelaide_of_Maurienne
Denis	parent	Beatrice_of_Castile_1242_1303
Marie_Th_r_se	parent	Marie_Antoinette
Edward_II	parent	Eleanor_of_Castile
Henry_VI	parent	Margaret_of_Bar
Charles_Emmanuel_III	parent	Anne_Marie_d_Orl_ans
Margaret_of_Savoy	parent	Anne_of_Cyprus
Philip_II	parent	Anne_of_Cyprus
Henry_III	parent	Maria_of_Swabia
Matilda_of_Brabant	parent	Maria_of_Swabia
Francis_I	parent	_lisabeth_Charlotte_d_Orl_ans
Louis_I	parent	Beatrice_of_Burgundy_Lady_of_Bourbon
Ingegerd_Olofsdotter	parent	Estrid_of_the_Obotrites
Afonso_V	parent	Eleanor_of_Aragon_Queen_of_Portugal
Infante_Ferdinand	parent	Eleanor_of_Aragon_Queen_of_Portugal
Marie_Louise	parent	Maria_Theresa_of_Naples_and_Sicily
Maria_of_Aragon	parent	Isabella_I_of_Castile
Elisabeth_of_France	parent	Marie_de_Medici
John_I	parent	Juana_Manuel
Alfonso_IX	parent	Urraca_of_Portugal
Peter_I	parent	Mary_of_Avesnes
James_I	parent	Mary_of_Avesnes
Ferdinand_IV	parent	Mar_a_de_Molina
Francis_II_/_I	parent	Maria_Luisa_of_Spain
Charles_Emmanuel_I	parent	Margaret_of_Valois_Duchess_of_Berry
Alys	parent	Constance_of_Castile
Hugh_Magnus	parent	Constance_of_Arles
Robert_I	parent	Constance_of_Arles
Maria_Theresa_of_Naples	parent	Maria_Carolina_of_Austria
Philippe_I	parent	Anne_of_Austria
Frederick_I	parent	Wierzchoslawa_Ludmilla_of_Greater_Poland
Emmanuel_Philibert	parent	Beatrice_of_Portugal_Duchess_of_Savoy
Charles_V_of_Lorraine	parent	Claude_Fran_oise_de_Lorraine
Alice_Holland	parent	Eleanor_of_Lancaster
Charles_IV	parent	Joan_I_of_Navarre
Francis_I	parent	Ren_e_of_Bourbon
Nicolas	parent	Ren_e_of_Bourbon
Ramon_Berenguer_IV	parent	Douce_I_Countess_of_Provence
Ernest_I	parent	Margaret_of_Saxony_Duchess_of_Brunswic_L_neburg
William_IV,_Duke_of_Aquitaine	parent	Gerloc
Anna_of_Austria	parent	Anne_of_Bohemia_and_Hungary
Joanna_of_Austria	parent	Anne_of_Bohemia_and_Hungary
Maximilian_II	parent	Anne_of_Bohemia_and_Hungary
Archduchess_Maria	parent	Anne_of_Bohemia_and_Hungary
Mahaut_of_Artois	parent	Amicie_de_Courtenay
Maria_Theresa_of_Austria_Este	parent	Maria_Beatrice_d_Este_Duchess_of_Massa
Louis	parent	Maria_Anna_Victoria_of_Bavaria
Marie_Isabelle_de_Orl_ans_y_Borb_n	parent	Infanta_Luisa_Fernanda_Duchess_of_Montpensier
John	parent	Eleanor_of_Aquitaine
Eleanor_of_England	parent	Eleanor_of_Aquitaine
Margaret_of_Scotland	parent	Joan_Beaufort_Queen_of_Scots
James_II	parent	Joan_Beaufort_Queen_of_Scots
Joan_III	parent	Joan_II_Countess_of_Burgundy
Ferdinand_II_of_Le_n_and_Galicia	parent	Berengaria_of_Barcelona
Maximilian_I	parent	Eleanor_of_Portugal_Holy_Roman_Empress
Antoine,_Count_of_Vaud_mont	parent	Margaret_of_Joinville
Otto_the_Child	parent	Helena_of_Denmark
Charles	parent	Valentina_Visconti_Duchess_of_Orl_ans
Baldwin_II	parent	Richilde_Countess_of_Hainaut
Henry_III	parent	Catherine_de_Medici
Charles_IX	parent	Catherine_de_Medici
Benedicta_Henrietta_of_Hanover	parent	Anne_Gonzaga
Charles	parent	Isabella_of_Aragon_Queen_of_France
Henry_VII	parent	Lady_Margaret_Beaufort
Baldwin_VI	parent	Adela_of_France
Henry_IX	parent	Judith_of_Flanders_died_1095
Joan	parent	Marie_Countess_of_Ponthieu
Otto_William	parent	Gerberga_of_M_con
Philippe	parent	Duchess_Helene_of_Mecklenburg_Schwerin
Philip_I	parent	Anne_of_Kiev
Stephan_II	parent	Beatrice_of_Silesia
Louis_I	parent	Agnes_of_Loon
Charles_V	parent	Joanna_of_Castile
Charles_VI	parent	Joanna_of_Bourbon
Louis_I_of_Orl_ans	parent	Joanna_of_Bourbon
Ferdinand_III	parent	Berengaria_of_Castile
Philip_III	parent	Margaret_of_Provence
Robert	parent	Margaret_of_Provence
Antoine	parent	Maria_Amalia_of_Naples_and_Sicily
Joan_of_Valois	parent	Margaret_Countess_of_Anjou
Philip_VI	parent	Margaret_Countess_of_Anjou
Baldwin_IV	parent	Rozala_of_Italy
Philip_II_&_I	parent	Isabella_of_Portugal
Maria_of_Austria	parent	Isabella_of_Portugal
Frederick	parent	Caroline_of_Ansbach
Lothair	parent	Gerberga_of_Saxony
Fulk_IV	parent	Ermengarde_of_Anjou_Duchess_of_Burgundy
Theobald_III	parent	Marie_of_France_Countess_of_Champagne
Henry_III	parent	Isabella_of_Angoul_me
Lorenzo_de__Medici	parent	Lucrezia_Tornabuoni
Lorenzo_di_Piero_de__Medici	parent	Lucrezia_Tornabuoni
Yolanda	parent	Margaret_I_Countess_of_Flanders
William_X	parent	Philippa_Countess_of_Toulouse
Rudolph	parent	Adelaide_of_Auxerre_born_c._870
Arnulf_II	parent	Matilda_of_Saxony_countess_of_Flanders
Leopold_II	parent	Maria_Theresa
Archduke_Ferdinand	parent	Maria_Theresa
Mary_of_Burgundy	parent	Margaret_of_Bavaria
Margaret_of_Bourbon	parent	Agnes_of_Burgundy_Duchess_of_Bourbon
John_I	parent	Marie_de_Ch_tillon_1323_1363
Charles_VII	parent	Isabeau_of_Bavaria
Isabella	parent	Margaret_of_the_Palatinate
Henry_V	parent	Mary_de_Bohun
Louis	parent	Maria_Theresa_of_Spain
Odo_IV	parent	Agnes_of_France_Duchess_of_Burgundy
Archduchess_Maria_Theresa	parent	Maria_Beatrice_of_Savoy
Edward_I	parent	Eleanor_of_Provence
Victor_Amadeus_II	parent	Marie_Jeanne_Baptiste_of_Savoy_Nemours
Dirk_III	parent	Lutgardis_of_Luxemburg
Marie_of_Valois	parent	Bonne_of_Luxembourg
Charles_V	parent	Bonne_of_Luxembourg
Louis_I	parent	Bonne_of_Luxembourg
Louis	parent	Marie_of_Brabant_Queen_of_France
Peter_II	parent	Sancha_of_Castile_Queen_of_Aragon
Albert_I	parent	Gertrude_of_Hohenberg
Charles_III	parent	Christina_of_Denmark
Afonso_II	parent	Dulce_of_Aragon
Charles_Ferdinand	parent	Maria_Theresa_of_Savoy
Maria_Josepha_of_Saxony	parent	Maria_Josepha_of_Austria
Henry_the_Middle	parent	Anna_of_Nassau_Dillenburg
George	parent	Dorothea_of_Denmark_Duchess_of_Brunswic_L_neburg
Alfonso_XI	parent	Constance_of_Portugal
Peter_I	parent	Beatrice_of_Castile_1293_1359
Ernest_II	parent	Viridis_Visconti
Leopold	parent	Eleonore_of_Austria_Queen_of_Poland
Marie_of_Cleves	parent	Mary_of_Burgundy_Duchess_of_Cleves
Louis_VIII	parent	Isabella_of_Hainault
Henry_of_Burgundy	parent	Helie_of_Semur
Elisabeth_Amalie_of_Hesse_Darmstadt	parent	Sophia_Eleonore_of_Saxony
Henry_IV	parent	Blanche_of_Lancaster
John_I	parent	Teresa_Louren_o
Helene_of_Mecklenburg_Schwerin	parent	Princess_Caroline_Louise_of_Saxe_Weimar_Eisenach
Odo_I,_Count_of_Blois	parent	Luitgarde_of_Vermandois
Infanta_Luisa_Fernanda	parent	Maria_Christina_of_the_Two_Sicilies
Rudolph_II	parent	Guilla_of_Provence
Sancho_I	parent	Matilda_of_Savoy_Queen_of_Portugal
Lorenzo_II_de__Medici	parent	Alfonsina_Orsini
Eleanor_of_Aragon	parent	Eleanor_of_Alburquerque
John_II	parent	Eleanor_of_Alburquerque
William_the_Good	parent	Philippa_of_Luxembourg
Maria_Beatrice_d_Este	parent	Maria_Teresa_Cybo_Malaspina_Duchess_of_Massa
John_I	parent	Alix_Duchess_of_Brittany
Antoine	parent	Philippa_of_Guelders
Blanche_of_Navarre	parent	Joan_II_of_Navarre
James_III	parent	Mary_of_Guelders
James_I	parent	Anabella_Drummond
James_IV	parent	Margaret_of_Denmark_Queen_of_Scotland
Isabella_of_Valois	parent	Mahaut_of_Ch_tillon
Theobald_III,_Count_of_Blois	parent	Ermengarde_of_Auvergne
Henry_Stuart	parent	Margaret_Douglas
Welf_I	parent	Kunigunde_of_Altdorf
Henry_I,_Count_of_Champagne	parent	Matilda_of_Carinthia
Elizabeth_of_Bohemia	parent	Judith_of_Habsburg
Robert_II	parent	Agnes_de_Baudemont_Countess_of_Braine
Otto_IV	parent	Adelaide_Countess_of_Burgundy
William_I	parent	Alice_of_Normandy
Edward	parent	Philippa_of_Lancaster
Philip_III	parent	Margaret_of_Artois
Baldwin_III,_Count_of_Flanders	parent	Adele_of_Vermandois
Alfonso_the_Chaste	parent	Petronilla_of_Aragon
Rudolph	parent	Elisabeth_of_Austria_Duchess_of_Lorraine
Princess_Marie_Caroline	parent	Archduchess_Maria_Clementina_of_Austria
Judith_of_Bavaria	parent	Hedwig_of_Bavaria
Emma_of_Altdorf	parent	Hedwig_of_Bavaria
Isabella_of_Portugal	parent	Isabel_of_Barcelos
Elizabeth_of_Austria	parent	Elizabeth_of_Luxembourg
Caroline	parent	Countess_Caroline_of_Nassau_Saarbr_cken
Marie_of_Luxembourg	parent	Margaret_of_Savoy_Countess_of_Saint_Pol
Johann_VII,_Duke_of_Mecklenburg	parent	Anna_Sophia_of_Prussia
Hugh_II	parent	Sibylla_of_Burgundy_Duchess_of_Burgundy
Margaret_of_Austria	parent	Maria_Anna_of_Bavaria_born_1551
Geoffrey_Plantagenet	parent	Ermengarde_Countess_of_Maine
Arnulf_I	parent	_lfthryth_Countess_of_Flanders
William_V,_Duke_of_Aquitaine	parent	Emma_of_Blois
James_V	parent	Margaret_Tudor
Margaret_of_Flanders,_Duchess_of_Brabant	parent	Matilda_of_B_thune
Marie_of_Brabant	parent	Adelaide_of_Burgundy_Duchess_of_Brabant
Marie,_Countess_of_Ponthieu	parent	Alys_of_France_Countess_of_Vexin
Matthias	parent	Adelaide_of_Leuven
Catherine_de_Foix	parent	Eleanor_of_Navarre
Ferdinand_II	parent	Juana_Enr_quez
Charles_Emmanuel_II	parent	Christine_of_France
Reginald_I	parent	Ermentrude_de_Roucy
Louis_III	parent	Ansgarde_of_Burgundy
Joan_I	parent	Blanche_of_Artois
Victor_Amadeus_I	parent	Catalina_Micaela_of_Spain
Philip_the_Handsome	parent	Mary_of_Burgundy
Afonso_IV	parent	Elizabeth_of_Portugal
Augusta_of_Saxe_Gotha	parent	Princess_Magdalena_Augusta_of_Anhalt_Zerbst
Adolf_Frederick_I	parent	Sophia_of_Holstei_Gottorp
Maria_Teresa_d_Este	parent	Charlotte_Agla__d_Orl_ans
Baldwin_V	parent	Ogive_of_Luxembourg
William_VIII,_Duke_of_Aquitaine	parent	Agnes_of_Burgundy_Duchess_of_Aquitaine
Alfonso_X	parent	Elisabeth_of_Swabia
Baldwin_II	parent	Judith_of_Flanders
John_II	parent	Joan_the_Lame
Beatrice_of_Portugal	parent	In_s_de_Castro
Richard_of_Montfort	parent	Joan_of_Navarre_Queen_of_England
Baldwin_III	parent	Ida_Countess_of_Hainaut
Duchess_Magdalene_Sibylle_of_Prussia	parent	Marie_Eleonore_of_Cleves
Charles	parent	Marie_of_Luxembourg_Countess_of_Vend_me
Margaret	parent	Mary_of_Hungary_Queen_of_Naples
Adelaide_of_Burgundy	parent	Yolande_of_Dreux_Duchess_of_Burgundy
Henry_IV	parent	Jeanne_d_Albret
John,_Count_of_Hainaut	parent	Margaret_II_Countess_of_Flanders
Victor_Amadeus_III	parent	Polyxena_of_Hesse_Rotenburg
Fulk_(V)	parent	Bertrade_of_Montfort
Francis_II	parent	Margaret_Countess_of_Vertus
Jeanne_de_Bourbon	parent	Isabelle_de_Beauvau
Robert_II	parent	Adelaide_of_Aquitaine
Philip_II	parent	Adela_of_Champagne
Ramon_Berenguer_IV	parent	Garsenda_Countess_of_Forcalquier
Magnus_II	parent	Sophia_of_Brandenburg
Afonso_III	parent	Afonso_II_of_Portugal
Ramon_Berenguer_IV	parent	Alfonso_II_Count_of_Provence
Alfonso_II	parent	Alfonso_II_of_Aragon
Marie,_Countess_of_Ponthieu	parent	Alys_of_France_Countess_of_Vexin
Charles_Emmanuel_III	parent	Anne_Marie_d_Orl_ans
Anna_of_Austria	parent	Anne_of_Bohemia_and_Hungary
Anna_of_Austria	parent	Ferdinand_I_Holy_Roman_Emperor
Princess_Marie_Caroline	parent	Archduchess_Maria_Clementina_of_Austria
Dirk_III	parent	Arnulf_Count_of_Holland
Baldwin_VI	parent	Baldwin_V_Count_of_Flanders
Arthur_II	parent	Beatrice_of_England
Arthur_II	parent	John_II_Duke_of_Brittany
Charles_V	parent	Bonne_of_Luxembourg
Charles_IX	parent	Catherine_de_Medici
Charles_IX	parent	Henry_II_of_France
Edmund_Tudor	parent	Catherine_of_Valois
Antoine	parent	Charles_Duke_of_Vend_me
Victor_Amadeus_II	parent	Charles_Emmanuel_II_Duke_of_Savoy
Emmanuel_Philibert	parent	Charles_III_Duke_of_Savoy
Charles_Ferdinand	parent	Charles_X
Charles_Ferdinand	parent	Maria_Theresa_of_Savoy
Alys	parent	Constance_of_Castile
Alys	parent	Louis_VII_of_France
Afonso_IV	parent	Denis_of_Portugal
Arnulf	parent	Dirk_II_Count_of_Holland
Philippe	parent	Duchess_Helene_of_Mecklenburg_Schwerin
_thelwulf	parent	Ecgberht_King_of_Wessex
Afonso_V	parent	Edward_King_of_Portugal
Afonso_V	parent	Eleanor_of_Aragon_Queen_of_Portugal
Alice_Holland	parent	Eleanor_of_Lancaster
Catherine_de_Foix	parent	Eleanor_of_Navarre
Beatrice_of_England	parent	Eleanor_of_Provence
Louis_V	parent	Emma_of_Italy
Charles_Emmanuel_I	parent	Emmanuel_Philibert_Duke_of_Savoy
Alfonso_IX	parent	Ferdinand_II_of_Le_n
Archduchess_Maria_Theresa	parent	Francis_IV_Duke_of_Modena
Archduchess_Maria_Theresa	parent	Maria_Beatrice_of_Savoy
Theobald_II	parent	Frederick_III_Duke_of_Lorraine
Rudolph	parent	Frederick_IV_Duke_of_Lorraine
Frederick_I	parent	Frederick_I_Duke_of_Lorraine
George_II	parent	George_I_of_Great_Britain
Theodoric_II	parent	Gerard_Duke_of_Lorraine
Afonso_I	parent	Henry_Count_of_Portugal
Eleanor_of_England	parent	Henry_II_of_England
Eleanor_of_England	parent	Eleanor_of_Aquitaine
Joan_I	parent	Henry_I_of_Navarre
Joan_I	parent	Blanche_of_Artois
Odo_II	parent	Hugh_II_Duke_of_Burgundy
Adelaide_of_Burgundy	parent	Hugh_IV_Duke_of_Burgundy
Sviatoslav_the_Brave	parent	Igor_of_Kiev
Agatha	parent	Ingegerd_Olofsdotter_of_Sweden
Agatha	parent	Vladimir_the_Great
Agatha	parent	Yaroslav_the_Wise
Charles	parent	Isabella_of_Aragon_Queen_of_France
Edward_III	parent	Isabella_of_France
Edward_III	parent	Edward_II_of_England
Louis_VIII	parent	Isabella_of_Hainault
Louis_VIII	parent	Philip_II_of_France
James_IV	parent	James_III_of_Scotland
James_V	parent	James_IV_of_Scotland
Charles_IV	parent	Joan_I_of_Navarre
John_II	parent	Joan_the_Lame
Agnes_of_Burgundy	parent	John_the_Fearless
Agnes_of_Burgundy	parent	Margaret_of_Bavaria
Louis_Philippe_I	parent	Louis_Duke_of_Orl_ans_1703_1752
Agnes_of_France	parent	Louis_IX_of_France
Agnes_of_France	parent	Margaret_of_Provence
Charles	parent	Louis_I_Duke_of_Orl_ans
Claude	parent	Louis_XII
Marie_of_Luxembourg	parent	Margaret_of_Savoy_Countess_of_Saint_Pol
Jeanne_III	parent	Margaret_of_Valois_Angoul_me
Antoine	parent	Maria_Amalia_of_Naples_and_Sicily
Maria_Beatrice_d_Este	parent	Maria_Teresa_Cybo_Malaspina_Duchess_of_Massa
Louis	parent	Maria_Theresa_of_Spain
Louis	parent	Louis_XIV
Frederick_III	parent	Matthias_II_Duke_of_Lorraine
Frederick_I	parent	Matthias_I_Duke_of_Lorraine
Hugh_IV	parent	Odo_III_Duke_of_Burgundy
Hugh_III	parent	Odo_II_Duke_of_Burgundy
James_I	parent	Peter_II_of_Aragon
John_I	parent	Peter_I_Duke_of_Brittany
Beatrice_of_Portugal	parent	Peter_I_of_Portugal
Blanche_of_Navarre	parent	Philip_III_of_Navarre
Blanche_of_Navarre	parent	Joan_II_of_Navarre
Helene_of_Mecklenburg_Schwerin	parent	Princess_Caroline_Louise_of_Saxe_Weimar_Eisenach
Alfonso_VII	parent	Raymond_of_Burgundy
Antoine	parent	Ren__II_Duke_of_Lorraine
Francis_II	parent	Richard_Count_of__tampes
Baldwin_IV	parent	Rozala_of_Italy
Albert_I	parent	Rudolf_I_of_Germany
Albert_I	parent	Gertrude_of_Hohenberg
John_I	parent	Rudolph_Duke_of_Lorraine
Adelaide_of_Italy	parent	Rudolph_II_of_Burgundy
Rudolph_II	parent	Rudolph_I_of_Burgundy
Igor_the_Old	parent	Rurik
Alfonso_VIII	parent	Sancho_III_of_Castile
Afonso_II	parent	Sancho_I_of_Portugal
Simon_I,_Duke_of_Lorraine	parent	Theodoric_II_Duke_of_Lorraine
Charles_Emmanuel_II	parent	Victor_Amadeus_I_Duke_of_Savoy
Yolande_of_Aragon	parent	Louis_II_of_Anjou
Peter_I	parent	Afonso_IV_of_Portugal
Leopold_II	parent	Francis_I_Holy_Roman_Emperor
Ferdinand_Philippe	parent	Maria_Amalia_of_Naples_and_Sicily
Marie_of_Valois	parent	Bonne_of_Luxembourg
Louis_Antoine	parent	Charles_X
Louis_Antoine	parent	Maria_Theresa_of_Savoy
John_of_Bourbon	parent	James_I_Count_of_La_Marche
Joanna_I	parent	Ferdinand_II_of_Aragon
Hugh_Magnus	parent	Constance_of_Arles
Sancho_IV	parent	Alfonso_X_of_Castile
Ingeborg_of_Denmark	parent	Valdemar_I_of_Denmark
Henry_II	parent	Francis_I_of_France
Francis_II_/_I	parent	Leopold_II_Holy_Roman_Emperor
Francis_II_/_I	parent	Maria_Luisa_of_Spain
Robert	parent	Margaret_of_Provence
Robert	parent	Louis_IX_of_France
Frederick_I,_Count_of_Vaud_mont	parent	John_I_Duke_of_Lorraine
Elisabeth_of_Austria	parent	Maximilian_II_Holy_Roman_Emperor
Margaret_of_Burgundy	parent	Robert_II_Duke_of_Burgundy
Margaret_of_Burgundy	parent	Agnes_of_France_Duchess_of_Burgundy
Eleanor_of_Aragon	parent	Ferdinand_I_of_Aragon
Eleanor_of_Aragon	parent	Eleanor_of_Alburquerque
Philip_IV_&_III	parent	Philip_III_of_Spain
Joan_of_Valois	parent	Margaret_Countess_of_Anjou
Edward_I	parent	Henry_III_of_England
Peter_II	parent	Alfonso_II_of_Aragon
Ren__I	parent	Yolande_of_Aragon
Ren__I	parent	Louis_II_of_Anjou
Maria_Theresa_of_Naples	parent	Maria_Carolina_of_Austria
Francis	parent	Henry_II_of_France
Philip	parent	Louis_VI_of_France
Archduke_Ferdinand	parent	Maria_Theresa
Archduke_Ferdinand	parent	Francis_I_Holy_Roman_Emperor
James_I	parent	Louis_I_Duke_of_Bourbon
Margaret_of_Scotland	parent	James_I_of_Scotland
Joan_III	parent	Joan_II_Countess_of_Burgundy
Louis_I	parent	Letizia_Bonaparte
Margaret_of_Bourbon	parent	Agnes_of_Burgundy_Duchess_of_Bourbon
James_II	parent	James_I_of_Scotland
Hugh_II	parent	Odo_I_Duke_of_Burgundy
Robert_I	parent	Robert_II_of_France
Robert_I	parent	Constance_of_Arles
John,_Count_of_Angoul_me	parent	Louis_I_Duke_of_Orl_ans
Robert_I,_Count_of_Dreux	parent	Louis_VI_of_France
Henry_IV	parent	Jeanne_d_Albret
Philip_II	parent	Anne_of_Cyprus
Philip_II	parent	Louis_Duke_of_Savoy
Geoffrey_Plantagenet	parent	Fulk_King_of_Jerusalem
Louis_I_of_Orl_ans	parent	Charles_V_of_France
Louis_I_of_Orl_ans	parent	Joanna_of_Bourbon
Charles_V_of_Lorraine	parent	Nicholas_Francis_Duke_of_Lorraine
Marie_of_Cleves	parent	Mary_of_Burgundy_Duchess_of_Cleves
Eleanor_of_Portugal	parent	Eleanor_of_Aragon_Queen_of_Portugal
Eleanor_of_Portugal	parent	Edward_King_of_Portugal
Odo_IV	parent	Robert_II_Duke_of_Burgundy
Marie_Isabelle_de_Orl_ans_y_Borb_n	parent	Antoine_Duke_of_Montpensier
Marie_Isabelle_de_Orl_ans_y_Borb_n	parent	Infanta_Luisa_Fernanda_Duchess_of_Montpensier
Philip_V	parent	Joan_I_of_Navarre
Philip_II_the_Bold	parent	Bonne_of_Luxembourg
Archduchess_Maria	parent	Ferdinand_I_Holy_Roman_Emperor
Archduchess_Maria	parent	Anne_of_Bohemia_and_Hungary
Louis_Philippe_Joseph_d_Orl_ans	parent	Louis_Philippe_I_Duke_of_Orl_ans
Sancho_III	parent	Alfonso_VII_of_Le_n_and_Castile
Charles_Louis_Frederick	parent	Adolphus_Frederick_II_Duke_of_Mecklenburg_Strelitz
Louis	parent	Marie_of_Brabant_Queen_of_France
Louis	parent	Philip_III_of_France
Francis_IV	parent	Ferdinand_Karl_Archduke_of_Austria_Este
Francis_IV	parent	Maria_Beatrice_d_Este_Duchess_of_Massa
Conrad_I	parent	Rudolph_II_of_Burgundy
Nicolas	parent	Antoine_Duke_of_Lorraine
John_II	parent	Ferdinand_I_of_Aragon
John_II	parent	Eleanor_of_Alburquerque
John_I	parent	Peter_I_of_Portugal
Francesco_I_de__Medici	parent	Cosimo_I_de_Medici_Grand_Duke_of_Tuscany
Philip_VI	parent	Margaret_Countess_of_Anjou
William_of_Winchester	parent	Henry_the_Lion
Charles_VI	parent	Charles_V_of_France
Charles_VI	parent	Joanna_of_Bourbon
Maria_of_Aragon	parent	Isabella_I_of_Castile
Maria_of_Aragon	parent	Ferdinand_II_of_Aragon
Philip_IV	parent	Philip_III_of_France
Victor_Amadeus_III	parent	Charles_Emmanuel_III_of_Sardinia
Lothair	parent	Gerberga_of_Saxony
George	parent	William_the_Younger_Duke_of_Brunswic_L_neburg
Joanna_of_Austria	parent	Anne_of_Bohemia_and_Hungary
Matilde_of_Bavaria	parent	Louis_IV_Holy_Roman_Emperor
Henry_I	parent	Robert_II_of_France
Henry_I	parent	Constance_of_Arles
Fulk_(V)	parent	Bertrade_of_Montfort
Maria_Theresa_of_Austria_Este	parent	Maria_Beatrice_d_Este_Duchess_of_Massa
Louis_IX	parent	Blanche_of_Castile
Louis	parent	Louis_Dauphin_of_France_son_of_Louis_XIV
John	parent	Eleanor_of_Aquitaine
John	parent	Henry_II_of_England
Marie_of_Brittany,_Countess_of_Saint_Pol	parent	John_II_Duke_of_Brittany
Marie_of_Brittany,_Countess_of_Saint_Pol	parent	Beatrice_of_England
Elisabeth_Amalie_of_Hesse_Darmstadt	parent	Sophia_Eleonore_of_Saxony
Margaret_of_Savoy	parent	Anne_of_Cyprus
Margaret_of_Savoy	parent	Louis_Duke_of_Savoy
Albert_II	parent	Albert_I_of_Germany
Maria_Josepha_of_Saxony	parent	Maria_Josepha_of_Austria
Louis_III	parent	Louis_the_Stammerer
Philip_II	parent	Adela_of_Champagne
Robert_II	parent	Adelaide_of_Aquitaine
Philip_III	parent	Louis_IX_of_France
Mary_Tudor	parent	Henry_VII_of_England
Ferdinand_I	parent	Philip_I_of_Castile
Ferdinand_I	parent	Joanna_of_Castile
Charles_V	parent	Joanna_of_Castile
Marie_Th_r_se	parent	Louis_XVI
Philip_the_Handsome	parent	Maximilian_I_Holy_Roman_Emperor
George_I	parent	Ernest_Augustus_Elector_of_Hanover
Louis_I	parent	Bonne_of_Luxembourg
Maria_Clementina_of_Austria	parent	Maria_Luisa_of_Spain
John_IV	parent	John_of_Montfort
Louis_I	parent	Robert_Count_of_Clermont
Henry_III	parent	Catherine_de_Medici
Henry_III	parent	Henry_II_of_France
Marie_Louise	parent	Maria_Theresa_of_Naples_and_Sicily
Infante_Ferdinand	parent	Edward_King_of_Portugal
Infante_Ferdinand	parent	Eleanor_of_Aragon_Queen_of_Portugal
Ferdinand_II	parent	John_II_of_Aragon
Ferdinand_I	parent	Maria_Amalia_of_Saxony
Nicholas_Francis	parent	Francis_II_Duke_of_Lorraine
Francis_I	parent	Antoine_Duke_of_Lorraine
Ferdinand_II_of_Le_n_and_Galicia	parent	Alfonso_VII_of_Le_n_and_Castile
Joan_the_Lame	parent	Robert_II_Duke_of_Burgundy
Infanta_Luisa_Fernanda	parent	Maria_Christina_of_the_Two_Sicilies
Elisabeth_of_France	parent	Marie_de_Medici
Richard_of_Montfort	parent	John_IV_Duke_of_Brittany
Margaret	parent	Mary_of_Hungary_Queen_of_Naples
Francis_I	parent	Leopold_Duke_of_Lorraine
Maximilian_II	parent	Anne_of_Bohemia_and_Hungary
Duchess_Magdalene_Sibylle_of_Prussia	parent	Marie_Eleonore_of_Cleves
Hedwige_of_Saxony	parent	Henry_the_Fowler
Denis	parent	Afonso_III_of_Portugal
Mary	parent	James_V_of_Scotland
Louis_VII	parent	Adelaide_of_Maurienne
Philip_III	parent	Louis_Count_of__vreux
Isabella	parent	Margaret_of_the_Palatinate
Eleanor	parent	John_II_of_Aragon
Isabella_of_Valois	parent	Charles_Count_of_Valois
Stephen_III,_Duke_of_Bavaria	parent	Stephen_II_Duke_of_Bavaria
Maria_of_Austria	parent	Isabella_of_Portugal
Louis_X	parent	Joan_I_of_Navarre
Benedicta_Henrietta_of_Hanover	parent	Anne_Gonzaga
