Q58077	president	Q15850
Q58282	president	Q9559
Q9545	president	Q9559
Q325381	president	Q9559
Q337375	president	Q9559
Q1385100	president	Q367589
Q5006743	president	Q41914
Q57446	president	Q41914
Q377358	president	Q41914
Q1764541	president	Q317769
Q695855	president	Q1400226
Q721770	president	Q1400226
Q152369	president	Q431515
Q8016	president	Q10664
Q217566	president	Q2166580
Q57643	president	Q313300
Q983752	president	Q313300
Q1521378	president	Q313300
Q964833	president	Q8016
Q128995	president	Q8016
Q182035	president	Q8016
Q129006	president	Q8016
Q473775	president	Q125731
Q128967	president	Q128956
Q128976	president	Q128956
Q9576	president	Q128956
Q296639	president	Q10648
Q216594	president	Q10648
Q192	president	Q10648
Q147425	president	Q23530
Q1207817	president	Q23530
Q333638	president	Q10819
Q6036905	president	Q233289
Q3518489	president	Q233289
Q41914	president	Q233289
Q463331	president	Q131077
Q47846	president	Q131077
Q294765	president	Q220296
Q56220	president	Q315467
Q5015	president	Q57652
Q182397	president	Q57652
Q57427	president	Q314263
Q329	president	Q131660
Q307921	president	Q305956
Q58087	president	Q57685
Q312340	president	Q57685
Q10664	president	Q166635
Q7335944	president	Q166635
Q6421115	president	Q166635
Q166646	president	Q166635
Q43723	president	Q93181
Q57806	president	Q312015
Q297950	president	Q1149
Q1764541	president	Q1149
Q218661	president	Q1149
Q697358	president	Q12957
Q23362	president	Q370966
Q335310	president	Q370966
Q7693792	president	Q23362
Q202209	president	Q47602
Q400837	president	Q316495
Q10819	president	Q41395
Q333638	president	Q41395
Q213526	president	Q18434
Q57652	president	Q182397
Q5015	president	Q182397
Q23333	president	Q356261
Q863220	president	Q356261
Q128967	president	Q128976
Q128956	president	Q128976
Q182035	president	Q128976
Q175366	president	Q128976
Q3155254	president	Q8168180
Q503143	president	Q57638
Q3147680	president	Q159840
Q1358714	president	Q159840
Q4422235	president	Q159840
Q221411	president	Q159840
Q57407	president	Q57600
Q10800073	president	Q57600
Q1237519	president	Q611175
Q55932	president	Q55922
Q12981	president	Q12983
Q38987	president	Q131248
Q7176566	president	Q51330
Q908749	president	Q51330
Q304561	president	Q51330
Q737739	president	Q284733
Q5239979	president	Q284733
Q371840	president	Q310870
Q4384608	president	Q235996
Q345481	president	Q380970
Q888063	president	Q131355
Q212676	president	Q2494143
Q362851	president	Q246216
Q381071	president	Q161184
Q1568274	president	Q57834
Q353713	president	Q336406
Q3785077	president	Q57640
Q312722	president	Q214438
Q23379	president	Q214438
Q57661	president	Q39659
Q333833	president	Q11860
Q311229	president	Q156799
Q55637	president	Q156799
Q57712	president	Q809814
Q479171	president	Q264766
Q332954	president	Q264766
Q333493	president	Q264766
Q332374	president	Q264766
Q391960	president	Q264766
Q302417	president	Q264766
Q223555	president	Q2265796
Q267061	president	Q131691
Q151917	president	Q188978
Q57806	president	Q188978
Q318334	president	Q318320
Q10648	president	Q9545
Q300182	president	Q9545
Q9559	president	Q9545
Q311278	president	Q9545
Q304561	president	Q242654
Q312994	president	Q151917
Q57806	president	Q151917
Q180383	president	Q1385100
Q367589	president	Q1385100
Q558647	president	Q1385100
Q57746	president	Q200305
Q317769	president	Q1047
Q1764541	president	Q1047
Q218661	president	Q1047
Q182397	president	Q46052
Q315338	president	Q4593
Q275146	president	Q4593
Q372780	president	Q324108
Q1877224	president	Q57625
Q55924	president	Q55928
Q55782	president	Q55924
Q6384971	president	Q57712
Q19008	president	Q106618
Q166714	president	Q106618
Q333250	president	Q9576
Q332419	president	Q9576
Q7416	president	Q9576
Q301252	president	Q9576
Q4816857	president	Q9576
Q1400580	president	Q41563
Q1236571	president	Q41563
Q43135	president	Q41563
Q335697	president	Q41563
Q133009	president	Q337295
Q12769	president	Q735519
Q41395	president	Q55637
Q2749833	president	Q55637
Q156799	president	Q55637
Q4816857	president	Q7416
Q9559	president	Q7416
Q9576	president	Q7416
Q379197	president	Q1935910
Q316226	president	Q50005
Q542559	president	Q951969
Q335215	president	Q951969
Q312722	president	Q23369
Q951969	president	Q542559
Q47602	president	Q38484
Q369988	president	Q295713
Q345536	president	Q221411
Q1579239	president	Q221411
Q717674	president	Q221411
Q288771	president	Q221411
Q207432	president	Q983402
Q57338	president	Q983402
Q57611	president	Q56220
Q315467	president	Q56220
Q3155254	president	Q134068
Q1711587	president	Q57590
Q182043	president	Q229517
Q2208925	president	Q57673
Q1077015	president	Q43135
Q348577	president	Q43135
Q908749	president	Q43135
Q541217	president	Q43135
Q41563	president	Q43135
Q2839781	president	Q128677
Q128672	president	Q128677
Q1471625	president	Q218661
Q319824	president	Q218661
Q284733	president	Q637012
Q296386	president	Q271822
Q2105	president	Q271822
Q312245	president	Q332476
Q1217502	president	Q160852
Q7416	president	Q128967
Q128956	president	Q128967
Q983752	president	Q57643
Q1521378	president	Q57643
Q57638	president	Q105068
Q57772	president	Q202032
Q37610	president	Q208477
Q377358	president	Q248484
Q862430	president	Q1237120
Q274689	president	Q230861
Q57441	president	Q220991
Q35786	president	Q155880
Q2757	president	Q55910
Q337380	president	Q129006
Q964833	president	Q129006
Q333174	president	Q129006
Q8016	president	Q129006
Q286764	president	Q345926
Q209617	president	Q208834
Q165672	president	Q234814
Q334053	president	Q157259
Q335305	president	Q157259
Q933740	president	Q57611
Q57687	president	Q57611
Q380406	president	Q312034
Q296386	president	Q312034
Q737435	president	Q313355
Q455317	president	Q383401
Q207432	president	Q194291
Q246216	president	Q946
Q177235	president	Q19008
Q4381482	president	Q19008
Q315999	president	Q19008
Q217566	president	Q57836
Q2736008	president	Q736026
Q927550	president	Q348577
Q1077015	president	Q348577
Q6395733	president	Q348577
Q217070	president	Q156511
Q4949324	president	Q2520217
Q715354	president	Q296724
Q965723	president	Q47846
Q57647	president	Q47846
Q513317	president	Q47846
Q335406	president	Q273809
Q294651	president	Q273809
Q58176	president	Q57620
Q182035	president	Q128995
Q128985	president	Q128995
Q719701	president	Q781813
Q3619783	president	Q202209
Q128568	president	Q128563
Q128553	president	Q128563
Q314016	president	Q313805
Q50005	president	Q171834
Q248484	president	Q315338
Q3263043	president	Q151983
Q380730	president	Q310942
Q695855	president	Q721770
Q863496	president	Q58198
Q249206	president	Q58198
Q334722	president	Q164373
Q338427	president	Q134982
Q235996	president	Q180383
Q597909	president	Q180383
Q57728	president	Q365922
Q6066533	president	Q57794
Q181383	president	Q529391
Q23362	president	Q23358
Q264516	president	Q296317
Q266064	president	Q192
Q234182	president	Q192
Q264766	president	Q192
Q128568	president	Q8619
Q3093904	president	Q57692
Q3289825	president	Q244616
Q334953	president	Q244616
Q242654	president	Q269372
Q6968023	president	Q58087
Q222031	president	Q57843
Q50005	president	Q273228
Q335342	president	Q244620
Q775821	president	Q244620
Q505200	president	Q315662
Q57597	president	Q315662
Q317769	president	Q244689
Q206	president	Q128529
Q202209	president	Q336259
Q15850	president	Q48283
Q151917	president	Q155390
Q315747	president	Q317957
Q180383	president	Q558647
Q1371024	president	Q731342
Q561559	president	Q287513
Q5607249	president	Q275146
Q41914	president	Q275146
Q248484	president	Q377870
Q315662	president	Q57597
Q354642	president	Q353713
Q157324	president	Q296023
Q863220	president	Q356411
Q57597	president	Q505200
Q8619	president	Q128574
Q15830552	president	Q1592085
Q370110	president	Q57796
Q312593	president	Q312583
Q333426	president	Q166646
Q314016	president	Q356230
Q890971	president	Q348896
Q554116	president	Q133386
Q57792	president	Q133386
Q23333	president	Q315979
Q269372	president	Q315979
Q215569	president	Q12959
Q444481	president	Q23333
Q250087	president	Q23333
Q55900	president	Q55782
Q381817	president	Q57788
Q337386	president	Q243705
Q19008	president	Q243705
Q212760	president	Q57697
Q57701	president	Q335215
Q637012	president	Q1390488
Q128543	president	Q128553
Q4150130	president	Q471730
Q312015	president	Q57806
Q57712	president	Q365206
Q57675	president	Q272588
Q57371	president	Q57618
Q1151156	president	Q267857
Q57836	president	Q138970
Q3401447	president	Q138970
Q190884	president	Q82695
Q128976	president	Q128985
Q714518	president	Q42852
Q7747	president	Q147425
Q2858481	president	Q57792
Q57338	president	Q314009
Q559898	president	Q314009
Q23379	president	Q23375
Q177610	president	Q727006
Q5721	president	Q161076
Q1371024	president	Q923806
Q57843	president	Q204723
Q281233	president	Q204723
Q332626	president	Q356711
Q214438	president	Q23379
Q204723	president	Q33031
Q57863	president	Q209639
Q298030	president	Q208879
Q206471	president	Q57627
Q1392127	president	Q369988
Q57611	president	Q57687
Q890971	president	Q161671
Q471204	president	Q719701
Q4666105	president	Q57734
Q57665	president	Q209611
Q23379	president	Q459146
Q3089345	president	Q57630
Q57811	president	Q152052
Q348896	president	Q32777
Q15277881	president	Q6066533
Q713296	president	Q298355
Q206209	president	Q307921
Q10287	president	Q7711
Q105068	president	Q182043
Q57712	president	Q6384971
Q1764541	president	Q319824
Q144422	president	Q540308
Q335215	president	Q57701
Q272588	president	Q181383
Q270529	president	Q190884
Q57843	president	Q222031
Q735519	president	Q12769
