Q7737	spokenIn	Q212
Q809	spokenIn	Q212
Q9129	spokenIn	Q212
Q9091	spokenIn	Q212
Q9292	spokenIn	Q212
Q8785	spokenIn	Q212
Q188	spokenIn	Q212
Q13201	spokenIn	Q212
Q7913	spokenIn	Q212
Q13201	spokenIn	Q20
Q8798	spokenIn	Q217
Q188	spokenIn	Q35
Q35571	spokenIn	Q865
Q1321	spokenIn	Q96
Q13201	spokenIn	Q1246
Q9303	spokenIn	Q1246
Q44757	spokenIn	Q414
Q44758	spokenIn	Q414
Q33549	spokenIn	Q730
Q14196	spokenIn	Q142
Q35571	spokenIn	Q881
Q1624231	spokenIn	Q881
Q36778	spokenIn	Q881
Q13201	spokenIn	Q668
Q1624231	spokenIn	Q928
Q36778	spokenIn	Q928
Q2278732	spokenIn	Q836
Q2278732	spokenIn	Q15176
Q35571	spokenIn	Q30
Q36778	spokenIn	Q30
Q2278732	spokenIn	Q869
Q36778	spokenIn	Q869
Q36778	spokenIn	Q833
Q36778	spokenIn	Q8646
Q14196	spokenIn	Q55
Q36778	spokenIn	Q41705
Q35571	spokenIn	Q41705
Q1624231	spokenIn	Q17
Q36759	spokenIn	Q17
Q36778	spokenIn	Q17
Q36510	spokenIn	Q4918
Q14196	spokenIn	Q664609
Q13201	spokenIn	Q843
Q36778	spokenIn	Q424
Q36778	spokenIn	Q252
Q35571	spokenIn	Q865
Q36759	spokenIn	Q865
Q34290	spokenIn	Q865
Q2609239	spokenIn	Q865
Q9186	spokenIn	Q865
Q9192	spokenIn	Q865
Q7033959	spokenIn	Q865
Q2278732	spokenIn	Q865
Q2278732	spokenIn	Q52028
Q14196	spokenIn	Q27496
Q36778	spokenIn	Q334
Q34290	spokenIn	Q334
Q2609239	spokenIn	Q334
Q9186	spokenIn	Q334
Q9192	spokenIn	Q334
Q37041	spokenIn	Q334
Q36455	spokenIn	Q334
Q7033959	spokenIn	Q334
Q2278732	spokenIn	Q334
Q262828	spokenIn	Q334
Q2278732	spokenIn	Q819
Q1624231	spokenIn	Q16967
Q36759	spokenIn	Q16967
Q36778	spokenIn	Q16967
Q35571	spokenIn	Q16967
Q36778	spokenIn	Q148
Q2609239	spokenIn	Q148
Q35571	spokenIn	Q148
Q9192	spokenIn	Q148
Q37041	spokenIn	Q148
Q36455	spokenIn	Q148
Q262828	spokenIn	Q148
Q33298	spokenIn	Q13617
Q1624231	spokenIn	Q15175
Q36759	spokenIn	Q15175
Q36778	spokenIn	Q15175
Q36778	spokenIn	Q11708
Q35571	spokenIn	Q68919
Q36778	spokenIn	Q921
Q14196	spokenIn	Q730
Q14196	spokenIn	Q26273
Q1624231	spokenIn	Q59227
Q36759	spokenIn	Q59227
Q36778	spokenIn	Q59227
Q14196	spokenIn	Q31
Q14196	spokenIn	Q25279
Q2278732	spokenIn	Q727694
Q262828	spokenIn	Q727694
Q2609239	spokenIn	Q727694
Q727694	spokenIn	Q727694
Q36778	spokenIn	Q1019
Q35571	spokenIn	Q42635
Q14196	spokenIn	Q21203
Q2278732	spokenIn	Q43194
Q36778	spokenIn	Q703914
Q9186	spokenIn	Q1144286
Q2278732	spokenIn	Q47097
Q14196	spokenIn	Q18
Q14196	spokenIn	Q15
Q1624231	spokenIn	Q42200
Q36759	spokenIn	Q42200
Q36778	spokenIn	Q42200
Q36	spokenIn	Q142
Q150	spokenIn	Q21
Q1860	spokenIn	Q21
Q1860	spokenIn	Q99
Q27968	spokenIn	Q30
Q7737	spokenIn	Q30
Q1860	spokenIn	Q30
Q1321	spokenIn	Q298
Q1860	spokenIn	Q668
Q1321	spokenIn	Q39
Q809	spokenIn	Q39
Q188	spokenIn	Q39
Q1321	spokenIn	Q96
Q9168	spokenIn	Q843
Q13955	spokenIn	Q843
Q7737	spokenIn	Q843
Q58635	spokenIn	Q843
Q1860	spokenIn	Q843
Q1321	spokenIn	Q77
Q9168	spokenIn	Q902
Q11051	spokenIn	Q902
Q21	spokenIn	Q22890
Q1321	spokenIn	Q16
Q5146	spokenIn	Q16
Q1860	spokenIn	Q16
Q150	spokenIn	Q16
Q33491	spokenIn	Q16
Q7411	spokenIn	Q16
Q9091	spokenIn	Q16
Q7737	spokenIn	Q16
Q9176	spokenIn	Q16
Q9083	spokenIn	Q16
Q9303	spokenIn	Q16
Q9296	spokenIn	Q16
Q8752	spokenIn	Q16
Q14185	spokenIn	Q16
Q7026	spokenIn	Q16
Q21200	spokenIn	Q16
Q1617	spokenIn	Q16
Q58635	spokenIn	Q16
Q1568	spokenIn	Q16
Q5137	spokenIn	Q16
Q56487	spokenIn	Q16
Q9056	spokenIn	Q16
Q7976	spokenIn	Q16
Q9288	spokenIn	Q16
Q135595	spokenIn	Q16
Q13267	spokenIn	Q16
Q33049	spokenIn	Q16
Q33997	spokenIn	Q16
Q44676	spokenIn	Q16
Q14549	spokenIn	Q16
Q9237	spokenIn	Q16
Q9217	spokenIn	Q16
Q7838	spokenIn	Q16
Q9309	spokenIn	Q16
Q9142	spokenIn	Q16
Q9166	spokenIn	Q16
Q9610	spokenIn	Q16
Q9035	spokenIn	Q16
Q857295	spokenIn	Q16
Q1843468	spokenIn	Q16
Q652	spokenIn	Q16
Q5287	spokenIn	Q16
Q34311	spokenIn	Q16
Q13955	spokenIn	Q16
Q509780	spokenIn	Q16
Q188	spokenIn	Q16
Q8641	spokenIn	Q16
Q7850	spokenIn	Q16
Q14196	spokenIn	Q16
Q27175	spokenIn	Q16
Q9067	spokenIn	Q16
Q44661	spokenIn	Q16
Q7033959	spokenIn	Q16
Q36778	spokenIn	Q16
Q9192	spokenIn	Q16
Q33375	spokenIn	Q16
Q9051	spokenIn	Q16
Q9307	spokenIn	Q16
Q29401	spokenIn	Q16
Q11059	spokenIn	Q16
Q33552	spokenIn	Q16
Q5885	spokenIn	Q16
Q33810	spokenIn	Q16
Q34251	spokenIn	Q16
Q1571	spokenIn	Q16
Q33823	spokenIn	Q16
Q29579	spokenIn	Q16
Q9228	spokenIn	Q16
Q8097	spokenIn	Q16
Q33268	spokenIn	Q16
Q36109	spokenIn	Q16
Q34239	spokenIn	Q16
Q13196	spokenIn	Q16
Q750553	spokenIn	Q16
Q9027	spokenIn	Q16
Q9043	spokenIn	Q16
Q8108	spokenIn	Q16
Q256	spokenIn	Q16
Q36510	spokenIn	Q16
Q9058	spokenIn	Q16
Q9199	spokenIn	Q16
Q33239	spokenIn	Q16
Q947858	spokenIn	Q16
Q33298	spokenIn	Q16
Q36121	spokenIn	Q16
Q1066778	spokenIn	Q16
Q34057	spokenIn	Q16
Q35978	spokenIn	Q16
Q1413694	spokenIn	Q16
Q25433	spokenIn	Q16
Q9063	spokenIn	Q16
Q7913	spokenIn	Q16
Q34147	spokenIn	Q16
Q28244	spokenIn	Q16
Q8798	spokenIn	Q16
Q8785	spokenIn	Q16
Q9186	spokenIn	Q16
Q25258	spokenIn	Q16
Q294	spokenIn	Q16
Q44679	spokenIn	Q16
Q9072	spokenIn	Q16
Q9301	spokenIn	Q16
Q1516642	spokenIn	Q16
Q13275	spokenIn	Q16
Q36451	spokenIn	Q16
Q1584458	spokenIn	Q16
Q13871	spokenIn	Q16
Q33845	spokenIn	Q16
Q33973	spokenIn	Q16
Q727694	spokenIn	Q16
Q7979	spokenIn	Q16
Q9129	spokenIn	Q16
Q9205	spokenIn	Q16
Q9292	spokenIn	Q16
Q9168	spokenIn	Q16
Q2269883	spokenIn	Q16
Q9240	spokenIn	Q16
Q33081	spokenIn	Q16
Q29919	spokenIn	Q16
Q178630	spokenIn	Q16
Q25448	spokenIn	Q16
Q1412	spokenIn	Q16
Q9078	spokenIn	Q16
Q1450506	spokenIn	Q176
Q1516642	spokenIn	Q176
Q44676	spokenIn	Q176
Q150	spokenIn	Q176
Q1860	spokenIn	Q176
Q9043	spokenIn	Q176
Q5137	spokenIn	Q176
Q58635	spokenIn	Q176
Q1568	spokenIn	Q176
Q135595	spokenIn	Q176
Q5885	spokenIn	Q176
Q9610	spokenIn	Q176
Q8798	spokenIn	Q176
Q7737	spokenIn	Q176
Q14549	spokenIn	Q176
Q9314	spokenIn	Q176
Q5287	spokenIn	Q176
Q1584458	spokenIn	Q176
Q34057	spokenIn	Q176
Q13871	spokenIn	Q176
Q36121	spokenIn	Q176
Q947858	spokenIn	Q176
Q33997	spokenIn	Q176
Q1617	spokenIn	Q176
Q33049	spokenIn	Q176
Q652	spokenIn	Q176
Q33845	spokenIn	Q176
Q33973	spokenIn	Q176
Q9063	spokenIn	Q408
Q9301	spokenIn	Q408
Q9296	spokenIn	Q408
Q1553250	spokenIn	Q408
Q1571	spokenIn	Q408
Q1860	spokenIn	Q408
Q1321	spokenIn	Q408
Q150	spokenIn	Q408
Q9072	spokenIn	Q408
Q256	spokenIn	Q408
Q36368	spokenIn	Q408
Q10199	spokenIn	Q408
Q33375	spokenIn	Q408
Q7737	spokenIn	Q408
Q36196	spokenIn	Q408
Q9027	spokenIn	Q408
Q21200	spokenIn	Q408
Q9043	spokenIn	Q408
Q25258	spokenIn	Q408
Q294	spokenIn	Q408
Q14549	spokenIn	Q408
Q9142	spokenIn	Q408
Q9288	spokenIn	Q408
Q15065	spokenIn	Q408
Q55	spokenIn	Q408
Q833	spokenIn	Q408
Q9240	spokenIn	Q408
Q7411	spokenIn	Q408
Q33549	spokenIn	Q408
Q33788	spokenIn	Q408
Q334	spokenIn	Q408
Q730	spokenIn	Q408
Q8108	spokenIn	Q408
Q36510	spokenIn	Q408
Q35571	spokenIn	Q408
Q9186	spokenIn	Q408
Q1624231	spokenIn	Q408
Q9237	spokenIn	Q408
Q7033959	spokenIn	Q408
Q33673	spokenIn	Q408
Q5137	spokenIn	Q408
Q1568	spokenIn	Q408
Q11059	spokenIn	Q408
Q34251	spokenIn	Q408
Q36236	spokenIn	Q408
Q1617	spokenIn	Q408
Q58635	spokenIn	Q408
Q33569	spokenIn	Q408
Q390979	spokenIn	Q408
Q36451	spokenIn	Q408
Q9610	spokenIn	Q408
Q727694	spokenIn	Q408
Q5885	spokenIn	Q408
Q13955	spokenIn	Q408
Q9264	spokenIn	Q408
Q1516642	spokenIn	Q408
Q5146	spokenIn	Q408
Q44661	spokenIn	Q408
Q13267	spokenIn	Q408
Q9303	spokenIn	Q408
Q1413694	spokenIn	Q408
Q1066778	spokenIn	Q408
Q9176	spokenIn	Q408
Q7850	spokenIn	Q408
Q5287	spokenIn	Q408
Q2269883	spokenIn	Q408
Q188	spokenIn	Q408
Q9056	spokenIn	Q408
Q14196	spokenIn	Q408
Q27175	spokenIn	Q408
Q652	spokenIn	Q408
Q34311	spokenIn	Q408
Q509780	spokenIn	Q408
Q8641	spokenIn	Q408
Q1843468	spokenIn	Q408
Q9217	spokenIn	Q408
Q7838	spokenIn	Q408
Q33997	spokenIn	Q408
Q1450506	spokenIn	Q408
Q44676	spokenIn	Q408
Q9205	spokenIn	Q408
Q28244	spokenIn	Q408
Q8798	spokenIn	Q408
Q7913	spokenIn	Q408
Q8785	spokenIn	Q408
Q9292	spokenIn	Q408
Q9168	spokenIn	Q408
Q1412	spokenIn	Q408
Q9192	spokenIn	Q408
Q9129	spokenIn	Q408
Q25433	spokenIn	Q408
Q9199	spokenIn	Q408
Q44679	spokenIn	Q408
Q857295	spokenIn	Q408
Q9166	spokenIn	Q408
Q33239	spokenIn	Q408
Q947858	spokenIn	Q408
Q33298	spokenIn	Q408
Q36121	spokenIn	Q408
Q34057	spokenIn	Q408
Q35978	spokenIn	Q408
Q1156228	spokenIn	Q408
Q33146	spokenIn	Q408
Q33810	spokenIn	Q408
Q9309	spokenIn	Q408
Q9035	spokenIn	Q408
Q29401	spokenIn	Q408
Q33552	spokenIn	Q408
Q135595	spokenIn	Q408
Q33823	spokenIn	Q408
Q29579	spokenIn	Q408
Q9228	spokenIn	Q408
Q8097	spokenIn	Q408
Q33268	spokenIn	Q408
Q36109	spokenIn	Q408
Q34239	spokenIn	Q408
Q13196	spokenIn	Q408
Q750553	spokenIn	Q408
Q7838	spokenIn	Q928
Q9240	spokenIn	Q928
Q9237	spokenIn	Q928
Q5885	spokenIn	Q928
Q1066778	spokenIn	Q928
Q1617	spokenIn	Q928
Q1321	spokenIn	Q928
Q1860	spokenIn	Q928
Q5146	spokenIn	Q928
Q9186	spokenIn	Q928
Q135595	spokenIn	Q928
Q9192	spokenIn	Q928
Q1584458	spokenIn	Q928
Q779191	spokenIn	Q928
Q1624231	spokenIn	Q928
Q7976	spokenIn	Q928
Q5287	spokenIn	Q928
Q750553	spokenIn	Q928
Q33549	spokenIn	Q928
Q9176	spokenIn	Q928
Q7850	spokenIn	Q928
Q7737	spokenIn	Q928
Q947858	spokenIn	Q928
Q1450506	spokenIn	Q1952
Q44676	spokenIn	Q1952
Q14549	spokenIn	Q1952
Q9043	spokenIn	Q1952
Q1516642	spokenIn	Q1952
Q1860	spokenIn	Q1952
Q979914	spokenIn	Q1952
Q7976	spokenIn	Q1166
Q9027	spokenIn	Q1166
Q25258	spokenIn	Q1166
Q25355	spokenIn	Q1166
Q56463	spokenIn	Q1166
Q1412	spokenIn	Q1166
Q9043	spokenIn	Q1166
Q9035	spokenIn	Q1166
Q294	spokenIn	Q1166
Q1860	spokenIn	Q1166
Q8798	spokenIn	Q1166
Q7737	spokenIn	Q1166
Q1450506	spokenIn	Q1166
Q150	spokenIn	Q1166
Q13955	spokenIn	Q1166
Q33375	spokenIn	Q155
Q1860	spokenIn	Q155
Q150	spokenIn	Q155
Q1321	spokenIn	Q155
Q33491	spokenIn	Q155
Q652	spokenIn	Q155
Q7411	spokenIn	Q155
Q14196	spokenIn	Q155
Q9307	spokenIn	Q155
Q7737	spokenIn	Q155
Q188	spokenIn	Q155
Q34147	spokenIn	Q155
Q9027	spokenIn	Q155
Q5287	spokenIn	Q155
Q25433	spokenIn	Q155
Q9051	spokenIn	Q155
Q9142	spokenIn	Q155
Q58635	spokenIn	Q155
Q34311	spokenIn	Q155
Q9176	spokenIn	Q155
Q13955	spokenIn	Q155
Q9288	spokenIn	Q155
Q509780	spokenIn	Q155
Q8641	spokenIn	Q155
Q1843468	spokenIn	Q155
Q7850	spokenIn	Q155
Q8752	spokenIn	Q155
Q7026	spokenIn	Q155
Q16799549	spokenIn	Q155
Q4627	spokenIn	Q155
Q33738	spokenIn	Q155
Q13300	spokenIn	Q155
Q36778	spokenIn	Q155
Q9192	spokenIn	Q155
Q9296	spokenIn	Q155
Q857295	spokenIn	Q155
Q8785	spokenIn	Q155
Q9067	spokenIn	Q155
Q9083	spokenIn	Q155
Q7918	spokenIn	Q155
Q7979	spokenIn	Q155
Q7976	spokenIn	Q155
Q44676	spokenIn	Q155
Q13201	spokenIn	Q155
Q9043	spokenIn	Q155
Q294	spokenIn	Q155
Q21200	spokenIn	Q155
Q25258	spokenIn	Q155
Q9035	spokenIn	Q155
Q8798	spokenIn	Q155
Q750553	spokenIn	Q155
Q1516642	spokenIn	Q155
Q14185	spokenIn	Q155
Q1553250	spokenIn	Q155
Q9307	spokenIn	Q414
Q8752	spokenIn	Q414
Q7026	spokenIn	Q414
Q5146	spokenIn	Q414
Q150	spokenIn	Q414
Q1860	spokenIn	Q414
Q188	spokenIn	Q414
Q7411	spokenIn	Q414
Q1321	spokenIn	Q414
Q9035	spokenIn	Q414
Q7737	spokenIn	Q414
Q9288	spokenIn	Q414
Q8641	spokenIn	Q414
Q9301	spokenIn	Q414
Q9299	spokenIn	Q414
Q8821	spokenIn	Q414
Q13955	spokenIn	Q414
Q256	spokenIn	Q414
Q652	spokenIn	Q414
Q178630	spokenIn	Q414
Q7979	spokenIn	Q414
Q7976	spokenIn	Q414
Q44676	spokenIn	Q414
Q1843468	spokenIn	Q414
Q9296	spokenIn	Q414
Q9083	spokenIn	Q414
Q9309	spokenIn	Q414
Q9058	spokenIn	Q414
Q1516642	spokenIn	Q414
Q5287	spokenIn	Q414
Q7918	spokenIn	Q414
Q33375	spokenIn	Q414
Q14549	spokenIn	Q414
Q9142	spokenIn	Q414
Q14185	spokenIn	Q414
Q21200	spokenIn	Q414
Q25433	spokenIn	Q414
Q8798	spokenIn	Q414
Q9027	spokenIn	Q414
Q9063	spokenIn	Q414
Q1553250	spokenIn	Q414
Q9043	spokenIn	Q414
Q294	spokenIn	Q414
Q25258	spokenIn	Q414
Q1156228	spokenIn	Q414
Q14196	spokenIn	Q414
Q33146	spokenIn	Q414
Q857295	spokenIn	Q414
Q16799549	spokenIn	Q414
Q4627	spokenIn	Q414
Q33738	spokenIn	Q414
Q13300	spokenIn	Q414
Q25448	spokenIn	Q262
Q9610	spokenIn	Q334
Q1860	spokenIn	Q334
Q9217	spokenIn	Q334
Q7838	spokenIn	Q334
Q9240	spokenIn	Q334
Q5885	spokenIn	Q334
Q33549	spokenIn	Q334
Q9192	spokenIn	Q334
Q9228	spokenIn	Q334
Q33810	spokenIn	Q334
Q13267	spokenIn	Q334
Q36778	spokenIn	Q334
Q3450837	spokenIn	Q334
Q2748296	spokenIn	Q334
Q653415	spokenIn	Q334
Q15065	spokenIn	Q334
Q55	spokenIn	Q334
Q833	spokenIn	Q334
Q7411	spokenIn	Q334
Q33788	spokenIn	Q334
Q334	spokenIn	Q334
Q730	spokenIn	Q334
Q150	spokenIn	Q334
Q779191	spokenIn	Q334
Q9186	spokenIn	Q334
Q135595	spokenIn	Q334
Q8097	spokenIn	Q334
Q33997	spokenIn	Q334
Q58635	spokenIn	Q334
Q9237	spokenIn	Q881
Q9176	spokenIn	Q881
Q1860	spokenIn	Q881
Q7850	spokenIn	Q881
Q5146	spokenIn	Q881
Q1321	spokenIn	Q881
Q5287	spokenIn	Q881
Q7737	spokenIn	Q881
Q7033959	spokenIn	Q881
Q36778	spokenIn	Q881
Q9192	spokenIn	Q881
Q1860	spokenIn	Q18389
Q7976	spokenIn	Q18389
Q33845	spokenIn	Q18389
Q652	spokenIn	Q18389
Q33973	spokenIn	Q18389
Q150	spokenIn	Q18389
Q9314	spokenIn	Q18389
Q135595	spokenIn	Q953
Q1860	spokenIn	Q953
Q7930	spokenIn	Q953
Q1571	spokenIn	Q953
Q33661	spokenIn	Q953
Q1617	spokenIn	Q953
Q1568	spokenIn	Q953
Q1156228	spokenIn	Q953
Q14196	spokenIn	Q953
Q33146	spokenIn	Q953
Q1321	spokenIn	Q774
Q1860	spokenIn	Q774
Q7411	spokenIn	Q774
Q5146	spokenIn	Q774
Q150	spokenIn	Q774
Q9035	spokenIn	Q774
Q16799549	spokenIn	Q774
Q4627	spokenIn	Q774
Q33738	spokenIn	Q774
Q9199	spokenIn	Q833
Q9205	spokenIn	Q833
Q1860	spokenIn	Q833
Q779191	spokenIn	Q833
Q33549	spokenIn	Q833
Q1066778	spokenIn	Q833
Q1413694	spokenIn	Q833
Q33298	spokenIn	Q833
Q33239	spokenIn	Q833
Q34057	spokenIn	Q833
Q1617	spokenIn	Q833
Q9610	spokenIn	Q833
Q13267	spokenIn	Q833
Q9217	spokenIn	Q833
Q5885	spokenIn	Q833
Q7838	spokenIn	Q833
Q9240	spokenIn	Q833
Q3450837	spokenIn	Q833
Q2748296	spokenIn	Q833
Q29401	spokenIn	Q833
Q11059	spokenIn	Q833
Q33552	spokenIn	Q833
Q33810	spokenIn	Q833
Q34251	spokenIn	Q833
Q135595	spokenIn	Q833
Q5137	spokenIn	Q833
Q1571	spokenIn	Q833
Q33823	spokenIn	Q833
Q29579	spokenIn	Q833
Q9228	spokenIn	Q833
Q8097	spokenIn	Q833
Q33268	spokenIn	Q833
Q33997	spokenIn	Q833
Q36109	spokenIn	Q833
Q34239	spokenIn	Q833
Q58635	spokenIn	Q833
Q13196	spokenIn	Q833
Q9186	spokenIn	Q833
Q9192	spokenIn	Q833
Q55	spokenIn	Q833
Q833	spokenIn	Q833
Q7411	spokenIn	Q833
Q33788	spokenIn	Q833
Q334	spokenIn	Q833
Q730	spokenIn	Q833
Q150	spokenIn	Q833
Q21200	spokenIn	Q833
Q9043	spokenIn	Q833
Q25258	spokenIn	Q833
Q294	spokenIn	Q833
Q1568	spokenIn	Q833
Q7033959	spokenIn	Q833
Q7850	spokenIn	Q833
Q170462	spokenIn	Q833
Q179029	spokenIn	Q833
Q947858	spokenIn	Q833
Q36121	spokenIn	Q833
Q35978	spokenIn	Q833
Q14549	spokenIn	Q664
Q9142	spokenIn	Q664
Q1860	spokenIn	Q664
Q9027	spokenIn	Q664
Q9035	spokenIn	Q664
Q21200	spokenIn	Q664
Q9043	spokenIn	Q664
Q13267	spokenIn	Q664
Q44661	spokenIn	Q664
Q9309	spokenIn	Q664
Q150	spokenIn	Q664
Q9205	spokenIn	Q664
Q5885	spokenIn	Q664
Q9237	spokenIn	Q664
Q33569	spokenIn	Q664
Q390979	spokenIn	Q664
Q44679	spokenIn	Q664
Q1156228	spokenIn	Q664
Q14196	spokenIn	Q664
Q33146	spokenIn	Q664
Q36759	spokenIn	Q664
Q33810	spokenIn	Q30
Q33569	spokenIn	Q30
Q9301	spokenIn	Q30
Q9299	spokenIn	Q30
Q8821	spokenIn	Q30
Q8798	spokenIn	Q30
Q7737	spokenIn	Q30
Q35978	spokenIn	Q30
Q947858	spokenIn	Q30
Q1860	spokenIn	Q30
Q34057	spokenIn	Q30
Q1321	spokenIn	Q30
Q7979	spokenIn	Q30
Q9252	spokenIn	Q30
Q5146	spokenIn	Q30
Q188	spokenIn	Q30
Q14196	spokenIn	Q30
Q7411	spokenIn	Q30
Q150	spokenIn	Q30
Q9205	spokenIn	Q30
Q9051	spokenIn	Q30
Q9078	spokenIn	Q30
Q9027	spokenIn	Q30
Q7913	spokenIn	Q30
Q9043	spokenIn	Q30
Q9166	spokenIn	Q30
Q9307	spokenIn	Q30
Q8752	spokenIn	Q30
Q7026	spokenIn	Q30
Q13201	spokenIn	Q30
Q256	spokenIn	Q30
Q36510	spokenIn	Q30
Q9217	spokenIn	Q30
Q8641	spokenIn	Q30
Q1617	spokenIn	Q30
Q33049	spokenIn	Q30
Q58635	spokenIn	Q30
Q33997	spokenIn	Q30
Q9246	spokenIn	Q30
Q7850	spokenIn	Q30
Q33081	spokenIn	Q30
Q33823	spokenIn	Q30
Q14549	spokenIn	Q30
Q9142	spokenIn	Q30
Q9063	spokenIn	Q30
Q9083	spokenIn	Q30
Q33552	spokenIn	Q30
Q9303	spokenIn	Q30
Q9186	spokenIn	Q30
Q9192	spokenIn	Q30
Q33375	spokenIn	Q30
Q28244	spokenIn	Q30
Q13955	spokenIn	Q30
Q8785	spokenIn	Q30
Q1450506	spokenIn	Q30
Q33298	spokenIn	Q30
Q1413694	spokenIn	Q30
Q9237	spokenIn	Q30
Q9240	spokenIn	Q30
Q1843468	spokenIn	Q30
Q36368	spokenIn	Q30
Q10199	spokenIn	Q30
Q652	spokenIn	Q30
Q178630	spokenIn	Q30
Q9091	spokenIn	Q30
Q7918	spokenIn	Q30
Q857295	spokenIn	Q30
Q36109	spokenIn	Q30
Q29401	spokenIn	Q30
Q11059	spokenIn	Q30
Q5885	spokenIn	Q30
Q34251	spokenIn	Q30
Q135595	spokenIn	Q30
Q5137	spokenIn	Q30
Q1571	spokenIn	Q30
Q9610	spokenIn	Q30
Q29579	spokenIn	Q30
Q9228	spokenIn	Q30
Q8097	spokenIn	Q30
Q33268	spokenIn	Q30
Q34239	spokenIn	Q30
Q13196	spokenIn	Q30
Q35744	spokenIn	Q30
Q33673	spokenIn	Q30
Q1568	spokenIn	Q30
Q36236	spokenIn	Q30
Q29919	spokenIn	Q30
Q44661	spokenIn	Q30
Q9309	spokenIn	Q30
Q9072	spokenIn	Q30
Q9176	spokenIn	Q30
Q9288	spokenIn	Q30
Q9296	spokenIn	Q30
Q34147	spokenIn	Q30
Q14185	spokenIn	Q30
Q21200	spokenIn	Q30
Q9292	spokenIn	Q30
Q9168	spokenIn	Q30
Q1412	spokenIn	Q30
Q33549	spokenIn	Q30
Q36778	spokenIn	Q30
Q1516642	spokenIn	Q30
Q44676	spokenIn	Q30
Q9035	spokenIn	Q30
Q5287	spokenIn	Q30
Q750553	spokenIn	Q30
Q27175	spokenIn	Q30
Q2414422	spokenIn	Q30
Q294	spokenIn	Q30
Q25258	spokenIn	Q30
Q36451	spokenIn	Q30
Q13275	spokenIn	Q30
Q9199	spokenIn	Q30
Q56463	spokenIn	Q30
Q9058	spokenIn	Q30
Q2269883	spokenIn	Q30
Q33989	spokenIn	Q30
Q33260	spokenIn	Q30
Q35939	spokenIn	Q30
Q33491	spokenIn	Q30
Q7838	spokenIn	Q30
Q9129	spokenIn	Q30
Q44679	spokenIn	Q30
Q25355	spokenIn	Q30
Q29921	spokenIn	Q30
Q390979	spokenIn	Q30
Q34124	spokenIn	Q30
Q9056	spokenIn	Q30
Q727694	spokenIn	Q30
Q9067	spokenIn	Q30
Q809	spokenIn	Q30
Q52040	spokenIn	Q30
Q34311	spokenIn	Q30
Q509780	spokenIn	Q30
Q25433	spokenIn	Q30
Q7737	spokenIn	Q183
Q1860	spokenIn	Q183
Q150	spokenIn	Q183
Q36196	spokenIn	Q183
Q9027	spokenIn	Q183
Q1412	spokenIn	Q183
Q1321	spokenIn	Q183
Q7976	spokenIn	Q183
Q188	spokenIn	Q183
Q9168	spokenIn	Q183
Q256	spokenIn	Q183
Q9288	spokenIn	Q183
Q36368	spokenIn	Q183
Q10199	spokenIn	Q183
Q9307	spokenIn	Q183
Q8752	spokenIn	Q183
Q7026	spokenIn	Q183
Q5146	spokenIn	Q183
Q7411	spokenIn	Q183
Q652	spokenIn	Q183
Q9058	spokenIn	Q183
Q8798	spokenIn	Q183
Q8641	spokenIn	Q183
Q9176	spokenIn	Q183
Q5287	spokenIn	Q183
Q809	spokenIn	Q183
Q52040	spokenIn	Q183
Q9043	spokenIn	Q183
Q7850	spokenIn	Q183
Q9083	spokenIn	Q183
Q44661	spokenIn	Q183
Q9301	spokenIn	Q183
Q9299	spokenIn	Q183
Q8821	spokenIn	Q183
Q25448	spokenIn	Q183
Q21200	spokenIn	Q183
Q25258	spokenIn	Q183
Q294	spokenIn	Q183
Q6654	spokenIn	Q183
Q9067	spokenIn	Q183
Q750553	spokenIn	Q183
Q8108	spokenIn	Q183
Q36510	spokenIn	Q183
Q9035	spokenIn	Q183
Q9063	spokenIn	Q183
Q9303	spokenIn	Q183
Q14196	spokenIn	Q183
Q27175	spokenIn	Q183
Q857295	spokenIn	Q183
Q9217	spokenIn	Q183
Q34147	spokenIn	Q183
Q2414422	spokenIn	Q183
Q9199	spokenIn	Q183
Q2269883	spokenIn	Q183
Q9240	spokenIn	Q183
Q7918	spokenIn	Q183
Q9072	spokenIn	Q183
Q9296	spokenIn	Q183
Q28244	spokenIn	Q183
Q7913	spokenIn	Q183
Q13955	spokenIn	Q183
Q8785	spokenIn	Q183
Q1450506	spokenIn	Q183
Q44676	spokenIn	Q183
Q9129	spokenIn	Q183
Q34090	spokenIn	Q159
Q9078	spokenIn	Q159
Q9027	spokenIn	Q159
Q7913	spokenIn	Q159
Q9043	spokenIn	Q159
Q7850	spokenIn	Q159
Q1412	spokenIn	Q159
Q25433	spokenIn	Q159
Q9091	spokenIn	Q159
Q8798	spokenIn	Q159
Q9288	spokenIn	Q159
Q1321	spokenIn	Q159
Q1860	spokenIn	Q159
Q150	spokenIn	Q159
Q9246	spokenIn	Q159
Q9083	spokenIn	Q159
Q9072	spokenIn	Q159
Q8641	spokenIn	Q159
Q9176	spokenIn	Q159
Q5146	spokenIn	Q159
Q5287	spokenIn	Q159
Q8785	spokenIn	Q159
Q28244	spokenIn	Q159
Q256	spokenIn	Q159
Q13955	spokenIn	Q159
Q36510	spokenIn	Q159
Q36196	spokenIn	Q159
Q188	spokenIn	Q159
Q9129	spokenIn	Q159
Q1860	spokenIn	Q842
Q1617	spokenIn	Q842
Q33997	spokenIn	Q842
Q58635	spokenIn	Q842
Q33552	spokenIn	Q842
Q5137	spokenIn	Q842
Q56487	spokenIn	Q842
Q7838	spokenIn	Q842
Q9240	spokenIn	Q842
Q9237	spokenIn	Q842
Q5885	spokenIn	Q842
Q9168	spokenIn	Q842
Q33538	spokenIn	Q842
Q9610	spokenIn	Q842
Q14196	spokenIn	Q81725
Q1156228	spokenIn	Q81725
Q5137	spokenIn	Q81725
Q29579	spokenIn	Q81725
Q1568	spokenIn	Q81725
Q8097	spokenIn	Q81725
Q58635	spokenIn	Q81725
Q5885	spokenIn	Q81725
Q7850	spokenIn	Q81725
Q9296	spokenIn	Q215
Q7918	spokenIn	Q215
Q9301	spokenIn	Q215
Q9299	spokenIn	Q215
Q8748	spokenIn	Q215
Q33538	spokenIn	Q817
Q36109	spokenIn	Q817
Q29919	spokenIn	Q817
Q9610	spokenIn	Q817
Q1860	spokenIn	Q817
Q33239	spokenIn	Q817
Q947858	spokenIn	Q817
Q33298	spokenIn	Q817
Q36121	spokenIn	Q817
Q1066778	spokenIn	Q817
Q34057	spokenIn	Q817
Q35978	spokenIn	Q817
Q1413694	spokenIn	Q817
Q33049	spokenIn	Q817
Q33997	spokenIn	Q817
Q33552	spokenIn	Q817
Q58635	spokenIn	Q817
Q1617	spokenIn	Q817
Q8798	spokenIn	Q184
Q7737	spokenIn	Q184
Q33348	spokenIn	Q184
Q7913	spokenIn	Q184
Q652	spokenIn	Q96
Q9142	spokenIn	Q96
Q5287	spokenIn	Q96
Q58635	spokenIn	Q96
Q34311	spokenIn	Q96
Q1860	spokenIn	Q96
Q9176	spokenIn	Q96
Q13955	spokenIn	Q96
Q9288	spokenIn	Q96
Q150	spokenIn	Q96
Q509780	spokenIn	Q96
Q188	spokenIn	Q96
Q8641	spokenIn	Q96
Q1843468	spokenIn	Q96
Q7850	spokenIn	Q96
Q7979	spokenIn	Q96
Q7976	spokenIn	Q96
Q44676	spokenIn	Q96
Q1321	spokenIn	Q96
Q5146	spokenIn	Q96
Q14549	spokenIn	Q96
Q1516642	spokenIn	Q96
Q7026	spokenIn	Q96
Q7033959	spokenIn	Q96
Q9307	spokenIn	Q96
Q8752	spokenIn	Q96
Q16799549	spokenIn	Q96
Q4627	spokenIn	Q96
Q33738	spokenIn	Q96
Q256	spokenIn	Q96
Q178630	spokenIn	Q96
Q7411	spokenIn	Q96
Q9035	spokenIn	Q96
Q34090	spokenIn	Q265
Q9255	spokenIn	Q265
Q7737	spokenIn	Q265
Q8108	spokenIn	Q265
Q256	spokenIn	Q265
Q36510	spokenIn	Q265
Q8798	spokenIn	Q265
Q33348	spokenIn	Q265
Q9176	spokenIn	Q265
Q7850	spokenIn	Q265
Q9246	spokenIn	Q265
Q1860	spokenIn	Q265
Q5146	spokenIn	Q265
Q1321	spokenIn	Q265
Q5287	spokenIn	Q265
Q809	spokenIn	Q213
Q188	spokenIn	Q213
Q9246	spokenIn	Q213
Q9078	spokenIn	Q191
Q9027	spokenIn	Q191
Q7913	spokenIn	Q191
Q7737	spokenIn	Q191
Q9043	spokenIn	Q191
Q9091	spokenIn	Q191
Q8798	spokenIn	Q191
Q8108	spokenIn	Q191
Q9056	spokenIn	Q36
Q188	spokenIn	Q36
Q1553250	spokenIn	Q36
Q9091	spokenIn	Q36
Q7737	spokenIn	Q36
Q7976	spokenIn	Q1207
Q9056	spokenIn	Q1207
Q1860	spokenIn	Q1207
Q1450506	spokenIn	Q1207
Q9043	spokenIn	Q1207
Q150	spokenIn	Q810
Q9288	spokenIn	Q810
Q13955	spokenIn	Q810
Q1860	spokenIn	Q810
Q9129	spokenIn	Q810
Q2414422	spokenIn	Q810
Q8108	spokenIn	Q810
Q256	spokenIn	Q810
Q36510	spokenIn	Q810
Q188	spokenIn	Q810
Q9168	spokenIn	Q810
Q7737	spokenIn	Q810
Q36368	spokenIn	Q810
Q29919	spokenIn	Q810
Q28244	spokenIn	Q668
Q1860	spokenIn	Q668
Q8798	spokenIn	Q668
Q7913	spokenIn	Q668
Q7737	spokenIn	Q668
Q150	spokenIn	Q668
Q8641	spokenIn	Q668
Q256	spokenIn	Q668
Q8108	spokenIn	Q668
Q13955	spokenIn	Q668
Q8785	spokenIn	Q668
Q1321	spokenIn	Q668
Q7850	spokenIn	Q668
Q13267	spokenIn	Q668
Q1641150	spokenIn	Q668
Q33577	spokenIn	Q668
Q9186	spokenIn	Q668
Q135595	spokenIn	Q668
Q9192	spokenIn	Q668
Q9237	spokenIn	Q668
Q58635	spokenIn	Q668
Q9217	spokenIn	Q668
Q7838	spokenIn	Q668
Q33997	spokenIn	Q668
Q33081	spokenIn	Q668
Q13275	spokenIn	Q115
Q9091	spokenIn	Q37
Q8798	spokenIn	Q37
Q7737	spokenIn	Q37
Q7913	spokenIn	Q37
Q33673	spokenIn	Q1171
Q5137	spokenIn	Q1171
Q1568	spokenIn	Q1171
Q11059	spokenIn	Q1171
Q34251	spokenIn	Q1171
Q36236	spokenIn	Q1171
Q1171	spokenIn	Q1171
Q1191	spokenIn	Q1171
Q1185	spokenIn	Q1171
Q36109	spokenIn	Q846
Q1617	spokenIn	Q846
Q33049	spokenIn	Q846
Q58635	spokenIn	Q846
Q1860	spokenIn	Q846
Q33997	spokenIn	Q846
Q33239	spokenIn	Q846
Q947858	spokenIn	Q846
Q33298	spokenIn	Q846
Q36121	spokenIn	Q846
Q1066778	spokenIn	Q846
Q34057	spokenIn	Q846
Q35978	spokenIn	Q846
Q1413694	spokenIn	Q846
Q9129	spokenIn	Q846
Q2414422	spokenIn	Q846
Q33552	spokenIn	Q846
Q9610	spokenIn	Q846
Q13955	spokenIn	Q43
Q2414422	spokenIn	Q43
Q9303	spokenIn	Q43
Q9301	spokenIn	Q43
Q9299	spokenIn	Q43
Q8821	spokenIn	Q43
Q9288	spokenIn	Q43
Q5287	spokenIn	Q43
Q652	spokenIn	Q43
Q150	spokenIn	Q43
Q1860	spokenIn	Q43
Q1321	spokenIn	Q43
Q9296	spokenIn	Q43
Q9063	spokenIn	Q43
Q7737	spokenIn	Q43
Q178630	spokenIn	Q43
Q8798	spokenIn	Q43
Q34090	spokenIn	Q43
Q13201	spokenIn	Q43
Q10199	spokenIn	Q43
Q188	spokenIn	Q43
Q9168	spokenIn	Q43
Q8748	spokenIn	Q43
Q1860	spokenIn	Q29
Q9309	spokenIn	Q29
Q14549	spokenIn	Q29
Q9142	spokenIn	Q29
Q652	spokenIn	Q29
Q5287	spokenIn	Q29
Q58635	spokenIn	Q29
Q34311	spokenIn	Q29
Q9176	spokenIn	Q29
Q13955	spokenIn	Q29
Q9288	spokenIn	Q29
Q150	spokenIn	Q29
Q509780	spokenIn	Q29
Q188	spokenIn	Q29
Q8641	spokenIn	Q29
Q1843468	spokenIn	Q29
Q7850	spokenIn	Q29
Q13201	spokenIn	Q29
Q7411	spokenIn	Q29
Q9027	spokenIn	Q29
Q857295	spokenIn	Q29
Q7913	spokenIn	Q29
Q25448	spokenIn	Q29
Q7918	spokenIn	Q29
Q5146	spokenIn	Q29
Q21200	spokenIn	Q29
Q9043	spokenIn	Q29
Q25258	spokenIn	Q29
Q294	spokenIn	Q29
Q256	spokenIn	Q29
Q178630	spokenIn	Q29
Q7737	spokenIn	Q29
Q9051	spokenIn	Q29
Q809	spokenIn	Q29
Q52040	spokenIn	Q29
Q8798	spokenIn	Q29
Q9083	spokenIn	Q29
Q150	spokenIn	Q801
Q1321	spokenIn	Q801
Q652	spokenIn	Q801
Q9142	spokenIn	Q801
Q5287	spokenIn	Q801
Q58635	spokenIn	Q801
Q34311	spokenIn	Q801
Q1860	spokenIn	Q801
Q9176	spokenIn	Q801
Q13955	spokenIn	Q801
Q509780	spokenIn	Q801
Q188	spokenIn	Q801
Q1843468	spokenIn	Q801
Q7850	spokenIn	Q801
Q7913	spokenIn	Q801
Q34124	spokenIn	Q801
Q13275	spokenIn	Q801
Q7976	spokenIn	Q801
Q25448	spokenIn	Q801
Q9129	spokenIn	Q801
Q2414422	spokenIn	Q801
Q7737	spokenIn	Q801
Q9168	spokenIn	Q801
Q33538	spokenIn	Q801
Q256	spokenIn	Q801
Q36510	spokenIn	Q801
Q178630	spokenIn	Q801
Q9217	spokenIn	Q801
Q7411	spokenIn	Q801
Q9027	spokenIn	Q801
Q9292	spokenIn	Q801
Q28244	spokenIn	Q801
Q8798	spokenIn	Q801
Q8785	spokenIn	Q801
Q9199	spokenIn	Q865
Q5287	spokenIn	Q865
Q9192	spokenIn	Q865
Q36759	spokenIn	Q865
Q9186	spokenIn	Q865
Q1860	spokenIn	Q865
Q15065	spokenIn	Q865
Q55	spokenIn	Q865
Q833	spokenIn	Q865
Q9240	spokenIn	Q865
Q7411	spokenIn	Q865
Q33549	spokenIn	Q865
Q33788	spokenIn	Q865
Q334	spokenIn	Q865
Q730	spokenIn	Q865
Q150	spokenIn	Q865
Q779191	spokenIn	Q865
Q36778	spokenIn	Q252
Q9192	spokenIn	Q252
Q34018	spokenIn	Q252
Q44679	spokenIn	Q252
Q7838	spokenIn	Q252
Q5885	spokenIn	Q252
Q1860	spokenIn	Q252
Q779191	spokenIn	Q252
Q170462	spokenIn	Q252
Q179029	spokenIn	Q252
Q15065	spokenIn	Q252
Q7850	spokenIn	Q252
Q55	spokenIn	Q252
Q833	spokenIn	Q252
Q7411	spokenIn	Q252
Q33549	spokenIn	Q252
Q33788	spokenIn	Q252
Q334	spokenIn	Q252
Q730	spokenIn	Q252
Q150	spokenIn	Q252
Q9288	spokenIn	Q252
Q5287	spokenIn	Q252
Q652	spokenIn	Q252
Q1321	spokenIn	Q252
Q1066778	spokenIn	Q252
Q1413694	spokenIn	Q252
Q33298	spokenIn	Q252
Q33239	spokenIn	Q252
Q34057	spokenIn	Q252
Q1617	spokenIn	Q252
Q2269883	spokenIn	Q252
Q188	spokenIn	Q252
Q13955	spokenIn	Q252
Q9217	spokenIn	Q252
Q3450837	spokenIn	Q252
Q2748296	spokenIn	Q252
Q653415	spokenIn	Q252
Q1450506	spokenIn	Q142
Q44676	spokenIn	Q142
Q9307	spokenIn	Q142
Q5146	spokenIn	Q142
Q1860	spokenIn	Q142
Q188	spokenIn	Q142
Q9027	spokenIn	Q142
Q33375	spokenIn	Q142
Q1571	spokenIn	Q142
Q1568	spokenIn	Q142
Q1617	spokenIn	Q142
Q9610	spokenIn	Q142
Q11059	spokenIn	Q142
Q727694	spokenIn	Q142
Q5885	spokenIn	Q142
Q13955	spokenIn	Q142
Q7976	spokenIn	Q142
Q13201	spokenIn	Q142
Q7737	spokenIn	Q142
Q9288	spokenIn	Q142
Q8641	spokenIn	Q142
Q8785	spokenIn	Q142
Q9199	spokenIn	Q142
Q9056	spokenIn	Q142
Q256	spokenIn	Q142
Q14196	spokenIn	Q142
Q1321	spokenIn	Q142
Q9205	spokenIn	Q142
Q9237	spokenIn	Q142
Q36368	spokenIn	Q142
Q10199	spokenIn	Q142
Q1553250	spokenIn	Q142
Q25433	spokenIn	Q142
Q857295	spokenIn	Q142
Q9176	spokenIn	Q142
Q5287	spokenIn	Q142
Q809	spokenIn	Q142
Q52040	spokenIn	Q142
Q9043	spokenIn	Q142
Q7850	spokenIn	Q142
Q8798	spokenIn	Q142
Q9083	spokenIn	Q142
Q9063	spokenIn	Q142
Q25448	spokenIn	Q142
Q21200	spokenIn	Q142
Q27175	spokenIn	Q142
Q9309	spokenIn	Q142
Q14549	spokenIn	Q142
Q9142	spokenIn	Q142
Q1516642	spokenIn	Q142
Q34147	spokenIn	Q142
Q652	spokenIn	Q142
Q7930	spokenIn	Q142
Q7913	spokenIn	Q142
Q178630	spokenIn	Q142
Q9058	spokenIn	Q142
Q6654	spokenIn	Q142
Q33491	spokenIn	Q142
Q1860	spokenIn	Q1527
Q9043	spokenIn	Q1527
Q7976	spokenIn	Q1527
Q9056	spokenIn	Q1527
Q5137	spokenIn	Q1527
Q1571	spokenIn	Q1527
Q5885	spokenIn	Q1527
Q56487	spokenIn	Q1527
Q9610	spokenIn	Q1527
Q33810	spokenIn	Q1527
Q1843468	spokenIn	Q1527
Q33552	spokenIn	Q1527
Q135595	spokenIn	Q1527
Q25258	spokenIn	Q1527
Q25355	spokenIn	Q1527
Q56463	spokenIn	Q1527
Q1412	spokenIn	Q1527
Q9035	spokenIn	Q1527
Q294	spokenIn	Q1527
Q9027	spokenIn	Q1527
Q34271	spokenIn	Q1527
Q7850	spokenIn	Q1527
Q1450506	spokenIn	Q1527
Q13275	spokenIn	Q34
Q7737	spokenIn	Q34
Q9043	spokenIn	Q34
Q9303	spokenIn	Q34
Q256	spokenIn	Q34
Q857295	spokenIn	Q34
Q21200	spokenIn	Q34
Q25258	spokenIn	Q34
Q294	spokenIn	Q34
Q9035	spokenIn	Q34
Q9072	spokenIn	Q34
Q1860	spokenIn	Q34
Q36368	spokenIn	Q34
Q10199	spokenIn	Q34
Q9078	spokenIn	Q34
Q7913	spokenIn	Q34
Q2414422	spokenIn	Q34
Q6654	spokenIn	Q34
Q33454	spokenIn	Q1025
Q25448	spokenIn	Q1025
Q7737	spokenIn	Q232
Q33348	spokenIn	Q232
Q8798	spokenIn	Q232
Q9192	spokenIn	Q232
Q2748296	spokenIn	Q232
Q9176	spokenIn	Q232
Q34090	spokenIn	Q232
Q1860	spokenIn	Q232
Q7850	spokenIn	Q232
Q5146	spokenIn	Q232
Q1321	spokenIn	Q232
Q5287	spokenIn	Q232
Q9091	spokenIn	Q232
Q8108	spokenIn	Q232
Q256	spokenIn	Q232
Q36510	spokenIn	Q232
Q9246	spokenIn	Q232
Q7913	spokenIn	Q232
Q9255	spokenIn	Q232
Q7838	spokenIn	Q878
Q9240	spokenIn	Q878
Q9237	spokenIn	Q878
Q5885	spokenIn	Q878
Q1571	spokenIn	Q878
Q1413694	spokenIn	Q878
Q1066778	spokenIn	Q878
Q33549	spokenIn	Q878
Q1617	spokenIn	Q878
Q33049	spokenIn	Q878
Q58635	spokenIn	Q878
Q1860	spokenIn	Q878
Q33997	spokenIn	Q878
Q33239	spokenIn	Q878
Q947858	spokenIn	Q878
Q33298	spokenIn	Q878
Q36121	spokenIn	Q878
Q34057	spokenIn	Q878
Q35978	spokenIn	Q878
Q36109	spokenIn	Q878
Q13275	spokenIn	Q878
Q29401	spokenIn	Q878
Q11059	spokenIn	Q878
Q33552	spokenIn	Q878
Q33810	spokenIn	Q878
Q34251	spokenIn	Q878
Q135595	spokenIn	Q878
Q5137	spokenIn	Q878
Q33823	spokenIn	Q878
Q9610	spokenIn	Q878
Q29579	spokenIn	Q878
Q9228	spokenIn	Q878
Q8097	spokenIn	Q878
Q33268	spokenIn	Q878
Q34239	spokenIn	Q878
Q13196	spokenIn	Q878
Q15065	spokenIn	Q878
Q55	spokenIn	Q878
Q833	spokenIn	Q878
Q7411	spokenIn	Q878
Q33788	spokenIn	Q878
Q334	spokenIn	Q878
Q730	spokenIn	Q878
Q150	spokenIn	Q878
Q29919	spokenIn	Q878
Q1450506	spokenIn	Q878
Q44676	spokenIn	Q878
Q25448	spokenIn	Q878
Q36368	spokenIn	Q878
Q2414422	spokenIn	Q878
Q44661	spokenIn	Q878
Q9168	spokenIn	Q878
Q36778	spokenIn	Q869
Q9192	spokenIn	Q869
Q1860	spokenIn	Q869
Q5287	spokenIn	Q869
Q750553	spokenIn	Q869
Q9228	spokenIn	Q869
Q7033959	spokenIn	Q869
Q9199	spokenIn	Q869
Q7850	spokenIn	Q869
Q58635	spokenIn	Q869
Q1617	spokenIn	Q869
Q7838	spokenIn	Q869
Q33997	spokenIn	Q869
Q1568	spokenIn	Q869
Q3450837	spokenIn	Q869
Q2748296	spokenIn	Q869
Q653415	spokenIn	Q869
Q44679	spokenIn	Q869
Q1860	spokenIn	Q258
Q25433	spokenIn	Q258
Q188	spokenIn	Q258
Q29401	spokenIn	Q258
Q11059	spokenIn	Q258
Q33552	spokenIn	Q258
Q5885	spokenIn	Q258
Q33810	spokenIn	Q258
Q34251	spokenIn	Q258
Q135595	spokenIn	Q258
Q5137	spokenIn	Q258
Q1571	spokenIn	Q258
Q33823	spokenIn	Q258
Q9610	spokenIn	Q258
Q9228	spokenIn	Q258
Q8097	spokenIn	Q258
Q33997	spokenIn	Q258
Q36109	spokenIn	Q258
Q34239	spokenIn	Q258
Q58635	spokenIn	Q258
Q1617	spokenIn	Q258
Q13196	spokenIn	Q258
Q5146	spokenIn	Q258
Q1321	spokenIn	Q258
Q7411	spokenIn	Q258
Q150	spokenIn	Q258
Q1156228	spokenIn	Q258
Q33146	spokenIn	Q258
Q9307	spokenIn	Q258
Q27175	spokenIn	Q258
Q1568	spokenIn	Q258
Q727694	spokenIn	Q258
Q13955	spokenIn	Q258
Q9129	spokenIn	Q258
Q652	spokenIn	Q258
Q8798	spokenIn	Q1951
Q979914	spokenIn	Q1951
Q44676	spokenIn	Q1951
Q7737	spokenIn	Q1951
Q1450506	spokenIn	Q1951
Q1516642	spokenIn	Q1951
Q652	spokenIn	Q1951
Q33845	spokenIn	Q1951
Q33973	spokenIn	Q1951
Q5287	spokenIn	Q1951
Q5137	spokenIn	Q1951
Q58635	spokenIn	Q1951
Q1568	spokenIn	Q1951
Q135595	spokenIn	Q1951
Q5885	spokenIn	Q1951
Q9610	spokenIn	Q1951
Q9043	spokenIn	Q1951
Q1584458	spokenIn	Q1951
Q34057	spokenIn	Q1951
Q13871	spokenIn	Q1951
Q36121	spokenIn	Q1951
Q947858	spokenIn	Q1951
Q1860	spokenIn	Q1951
Q33997	spokenIn	Q1951
Q1617	spokenIn	Q1951
Q150	spokenIn	Q1951
Q33049	spokenIn	Q1951
Q14549	spokenIn	Q1951
Q9314	spokenIn	Q1951
Q8748	spokenIn	Q218
Q8108	spokenIn	Q218
Q9058	spokenIn	Q218
Q9078	spokenIn	Q218
Q9027	spokenIn	Q218
Q7737	spokenIn	Q218
Q9043	spokenIn	Q218
Q8798	spokenIn	Q218
Q13201	spokenIn	Q218
Q9063	spokenIn	Q218
Q1860	spokenIn	Q794
Q33997	spokenIn	Q794
Q2414422	spokenIn	Q794
Q34090	spokenIn	Q794
Q33527	spokenIn	Q794
Q8785	spokenIn	Q794
Q33538	spokenIn	Q794
Q13955	spokenIn	Q794
Q1553250	spokenIn	Q298
Q1321	spokenIn	Q298
Q7979	spokenIn	Q298
Q7976	spokenIn	Q298
Q44676	spokenIn	Q298
Q1843468	spokenIn	Q298
Q1860	spokenIn	Q298
Q9301	spokenIn	Q298
Q9299	spokenIn	Q298
Q8821	spokenIn	Q298
Q25433	spokenIn	Q298
Q8752	spokenIn	Q298
Q14185	spokenIn	Q298
Q7026	spokenIn	Q298
Q150	spokenIn	Q298
Q21200	spokenIn	Q298
Q33569	spokenIn	Q298
Q390979	spokenIn	Q298
Q36451	spokenIn	Q298
Q5146	spokenIn	Q298
Q652	spokenIn	Q298
Q9142	spokenIn	Q298
Q5287	spokenIn	Q298
Q58635	spokenIn	Q298
Q34311	spokenIn	Q298
Q9176	spokenIn	Q298
Q13955	spokenIn	Q298
Q9288	spokenIn	Q298
Q509780	spokenIn	Q298
Q188	spokenIn	Q298
Q8641	spokenIn	Q298
Q7850	spokenIn	Q298
Q16799549	spokenIn	Q298
Q33738	spokenIn	Q298
Q13300	spokenIn	Q298
Q7411	spokenIn	Q298
Q9035	spokenIn	Q298
Q9309	spokenIn	Q298
Q14549	spokenIn	Q298
Q9129	spokenIn	Q298
Q2414422	spokenIn	Q298
Q33527	spokenIn	Q49
Q33375	spokenIn	Q49
Q117	spokenIn	Q49
Q150	spokenIn	Q49
Q945	spokenIn	Q49
Q432	spokenIn	Q49
Q12585	spokenIn	Q49
Q1033	spokenIn	Q49
Q155	spokenIn	Q49
Q241	spokenIn	Q49
Q962	spokenIn	Q49
Q1860	spokenIn	Q49
Q34311	spokenIn	Q49
Q36759	spokenIn	Q49
Q9237	spokenIn	Q145
Q1860	spokenIn	Q145
Q58635	spokenIn	Q145
Q1617	spokenIn	Q145
Q9217	spokenIn	Q145
Q7838	spokenIn	Q145
Q33997	spokenIn	Q145
Q1568	spokenIn	Q145
Q7976	spokenIn	Q145
Q33673	spokenIn	Q145
Q5137	spokenIn	Q145
Q11059	spokenIn	Q145
Q34251	spokenIn	Q145
Q36236	spokenIn	Q145
Q1571	spokenIn	Q145
Q44679	spokenIn	Q145
Q9129	spokenIn	Q145
Q256	spokenIn	Q145
Q36368	spokenIn	Q145
Q10199	spokenIn	Q145
Q1450506	spokenIn	Q145
Q44676	spokenIn	Q145
Q150	spokenIn	Q145
Q1321	spokenIn	Q145
Q9072	spokenIn	Q145
Q2414422	spokenIn	Q145
Q5287	spokenIn	Q145
Q750553	spokenIn	Q145
Q33375	spokenIn	Q145
Q9610	spokenIn	Q145
Q727694	spokenIn	Q145
Q5885	spokenIn	Q145
Q13955	spokenIn	Q145
Q135595	spokenIn	Q145
Q1171	spokenIn	Q145
Q1191	spokenIn	Q145
Q1185	spokenIn	Q145
Q14196	spokenIn	Q145
Q5146	spokenIn	Q145
Q7411	spokenIn	Q145
Q7979	spokenIn	Q145
Q29919	spokenIn	Q145
Q652	spokenIn	Q145
Q178630	spokenIn	Q145
Q33049	spokenIn	Q145
Q33552	spokenIn	Q145
Q9027	spokenIn	Q145
Q1412	spokenIn	Q145
Q8097	spokenIn	Q145
Q1843468	spokenIn	Q145
Q7918	spokenIn	Q145
Q13201	spokenIn	Q145
Q36759	spokenIn	Q145
Q9186	spokenIn	Q145
Q9192	spokenIn	Q145
Q7737	spokenIn	Q145
Q13267	spokenIn	Q145
Q188	spokenIn	Q145
Q9043	spokenIn	Q145
Q294	spokenIn	Q145
Q21200	spokenIn	Q145
Q25258	spokenIn	Q145
Q9035	spokenIn	Q145
Q9166	spokenIn	Q145
Q9307	spokenIn	Q145
Q8752	spokenIn	Q145
Q7026	spokenIn	Q145
Q9176	spokenIn	Q145
Q9051	spokenIn	Q145
Q809	spokenIn	Q145
Q9288	spokenIn	Q145
Q52040	spokenIn	Q145
Q7850	spokenIn	Q145
Q8798	spokenIn	Q145
Q9083	spokenIn	Q145
Q33810	spokenIn	Q145
Q36451	spokenIn	Q145
Q29401	spokenIn	Q145
Q33823	spokenIn	Q145
Q29579	spokenIn	Q145
Q9228	spokenIn	Q145
Q33268	spokenIn	Q145
Q36109	spokenIn	Q145
Q34239	spokenIn	Q145
Q13196	spokenIn	Q145
Q28244	spokenIn	Q145
Q7913	spokenIn	Q145
Q8641	spokenIn	Q145
Q8108	spokenIn	Q145
Q8785	spokenIn	Q145
Q7033959	spokenIn	Q145
Q44661	spokenIn	Q145
Q15065	spokenIn	Q145
Q9240	spokenIn	Q145
Q4925684	spokenIn	Q145
Q3450837	spokenIn	Q145
Q34124	spokenIn	Q145
Q13275	spokenIn	Q145
Q2269883	spokenIn	Q145
Q7033959	spokenIn	Q42200
Q33375	spokenIn	Q42200
Q1066778	spokenIn	Q921
Q1413694	spokenIn	Q921
Q33298	spokenIn	Q921
Q33239	spokenIn	Q921
Q34057	spokenIn	Q921
Q1617	spokenIn	Q921
Q7838	spokenIn	Q921
Q9240	spokenIn	Q921
Q5885	spokenIn	Q921
Q7737	spokenIn	Q217
Q8798	spokenIn	Q217
Q33348	spokenIn	Q217
Q9091	spokenIn	Q217
Q945	spokenIn	Q962
Q150	spokenIn	Q962
Q657	spokenIn	Q962
Q1033	spokenIn	Q962
Q1049	spokenIn	Q962
Q1032	spokenIn	Q962
Q912	spokenIn	Q962
Q117	spokenIn	Q962
Q962	spokenIn	Q962
Q1009	spokenIn	Q962
Q1000	spokenIn	Q962
Q1860	spokenIn	Q962
Q432	spokenIn	Q962
Q12585	spokenIn	Q962
Q155	spokenIn	Q962
Q241	spokenIn	Q962
Q1321	spokenIn	Q800
Q7976	spokenIn	Q800
Q150	spokenIn	Q800
Q1860	spokenIn	Q800
Q5146	spokenIn	Q800
Q9056	spokenIn	Q214
Q9078	spokenIn	Q214
Q9027	spokenIn	Q214
Q7913	spokenIn	Q214
Q7737	spokenIn	Q214
Q9043	spokenIn	Q214
Q9237	spokenIn	Q1823
Q9240	spokenIn	Q1823
Q33454	spokenIn	Q1009
Q945	spokenIn	Q1009
Q150	spokenIn	Q1009
Q657	spokenIn	Q1009
Q1033	spokenIn	Q1009
Q1049	spokenIn	Q1009
Q1032	spokenIn	Q1009
Q912	spokenIn	Q1009
Q117	spokenIn	Q1009
Q962	spokenIn	Q1009
Q1009	spokenIn	Q1009
Q1000	spokenIn	Q1009
Q1860	spokenIn	Q1009
Q9063	spokenIn	Q236
Q9296	spokenIn	Q236
Q8748	spokenIn	Q236
Q7918	spokenIn	Q236
Q33239	spokenIn	Q782
Q1066778	spokenIn	Q782
Q36121	spokenIn	Q782
Q35978	spokenIn	Q782
Q7976	spokenIn	Q782
Q5287	spokenIn	Q782
Q1860	spokenIn	Q782
Q7930	spokenIn	Q1027
Q150	spokenIn	Q1027
Q1568	spokenIn	Q1027
Q1617	spokenIn	Q1027
Q9610	spokenIn	Q1027
Q11059	spokenIn	Q1027
Q727694	spokenIn	Q1027
Q5885	spokenIn	Q1027
Q13955	spokenIn	Q1027
Q1860	spokenIn	Q1027
Q9186	spokenIn	Q1027
Q135595	spokenIn	Q1027
Q9192	spokenIn	Q1027
Q33810	spokenIn	Q1027
Q7838	spokenIn	Q1027
Q1363	spokenIn	Q1363
Q135595	spokenIn	Q1363
Q1617	spokenIn	Q38
Q33049	spokenIn	Q38
Q58635	spokenIn	Q38
Q1860	spokenIn	Q38
Q33997	spokenIn	Q38
Q33552	spokenIn	Q38
Q5146	spokenIn	Q38
Q188	spokenIn	Q38
Q7737	spokenIn	Q38
Q8798	spokenIn	Q38
Q1321	spokenIn	Q38
Q150	spokenIn	Q38
Q34124	spokenIn	Q38
Q13275	spokenIn	Q38
Q25448	spokenIn	Q38
Q7913	spokenIn	Q38
Q9176	spokenIn	Q38
Q5287	spokenIn	Q38
Q9051	spokenIn	Q38
Q809	spokenIn	Q38
Q9288	spokenIn	Q38
Q52040	spokenIn	Q38
Q9043	spokenIn	Q38
Q7411	spokenIn	Q38
Q7850	spokenIn	Q38
Q9083	spokenIn	Q38
Q9303	spokenIn	Q38
Q8108	spokenIn	Q38
Q256	spokenIn	Q38
Q178630	spokenIn	Q38
Q33375	spokenIn	Q38
Q1571	spokenIn	Q38
Q1568	spokenIn	Q38
Q9610	spokenIn	Q38
Q11059	spokenIn	Q38
Q727694	spokenIn	Q38
Q5885	spokenIn	Q38
Q13955	spokenIn	Q38
Q6654	spokenIn	Q38
Q9296	spokenIn	Q38
Q9063	spokenIn	Q38
Q7918	spokenIn	Q38
Q13267	spokenIn	Q38
Q9056	spokenIn	Q38
Q8752	spokenIn	Q38
Q21200	spokenIn	Q38
Q29401	spokenIn	Q38
Q33810	spokenIn	Q38
Q34251	spokenIn	Q38
Q135595	spokenIn	Q38
Q5137	spokenIn	Q38
Q33823	spokenIn	Q38
Q29579	spokenIn	Q38
Q9228	spokenIn	Q38
Q8097	spokenIn	Q38
Q33268	spokenIn	Q38
Q36109	spokenIn	Q38
Q34239	spokenIn	Q38
Q13196	spokenIn	Q38
Q29919	spokenIn	Q38
Q9027	spokenIn	Q38
Q44679	spokenIn	Q38
Q9237	spokenIn	Q38
Q9217	spokenIn	Q38
Q7838	spokenIn	Q38
Q8108	spokenIn	Q399
Q256	spokenIn	Q399
Q8785	spokenIn	Q399
Q25448	spokenIn	Q1028
Q150	spokenIn	Q1028
Q9288	spokenIn	Q1028
Q13955	spokenIn	Q1028
Q1860	spokenIn	Q1028
Q1321	spokenIn	Q1028
Q7411	spokenIn	Q1028
Q9027	spokenIn	Q1028
Q652	spokenIn	Q1028
Q9129	spokenIn	Q1028
Q14196	spokenIn	Q1028
Q5146	spokenIn	Q1028
Q188	spokenIn	Q1028
Q7737	spokenIn	Q212
Q56463	spokenIn	Q212
Q1412	spokenIn	Q212
Q9027	spokenIn	Q212
Q9043	spokenIn	Q212
Q9091	spokenIn	Q212
Q7913	spokenIn	Q212
Q256	spokenIn	Q212
Q9129	spokenIn	Q212
Q1860	spokenIn	Q212
Q9288	spokenIn	Q212
Q8641	spokenIn	Q212
Q7850	spokenIn	Q212
Q9255	spokenIn	Q212
Q9246	spokenIn	Q212
Q9072	spokenIn	Q212
Q33348	spokenIn	Q212
Q9237	spokenIn	Q2175
Q9240	spokenIn	Q2175
Q1624231	spokenIn	Q2175
Q33375	spokenIn	Q2175
Q36759	spokenIn	Q2175
Q33549	spokenIn	Q2175
Q9192	spokenIn	Q2175
Q36495	spokenIn	Q2175
Q9063	spokenIn	Q403
Q8748	spokenIn	Q403
Q9078	spokenIn	Q403
Q9027	spokenIn	Q403
Q7913	spokenIn	Q403
Q7737	spokenIn	Q403
Q9043	spokenIn	Q403
Q8821	spokenIn	Q403
Q33527	spokenIn	Q18869
Q135595	spokenIn	Q1195
Q1860	spokenIn	Q1195
Q33823	spokenIn	Q1195
Q1363	spokenIn	Q1195
Q33823	spokenIn	Q843
Q1641150	spokenIn	Q843
Q1568	spokenIn	Q843
Q34271	spokenIn	Q843
Q9237	spokenIn	Q843
Q1860	spokenIn	Q843
Q58635	spokenIn	Q843
Q9217	spokenIn	Q843
Q7838	spokenIn	Q843
Q33997	spokenIn	Q843
Q9610	spokenIn	Q843
Q33552	spokenIn	Q843
Q9168	spokenIn	Q843
Q9264	spokenIn	Q843
Q33577	spokenIn	Q843
Q33549	spokenIn	Q55
Q9237	spokenIn	Q55
Q256	spokenIn	Q55
Q33375	spokenIn	Q55
Q1860	spokenIn	Q55
Q9240	spokenIn	Q55
Q25448	spokenIn	Q55
Q15065	spokenIn	Q55
Q55	spokenIn	Q55
Q833	spokenIn	Q55
Q33788	spokenIn	Q55
Q334	spokenIn	Q55
Q730	spokenIn	Q55
Q150	spokenIn	Q55
Q36368	spokenIn	Q55
Q10199	spokenIn	Q55
Q14196	spokenIn	Q55
Q36759	spokenIn	Q55
Q9186	spokenIn	Q55
Q9192	spokenIn	Q55
Q7979	spokenIn	Q55
Q7976	spokenIn	Q55
Q44676	spokenIn	Q55
Q1843468	spokenIn	Q55
Q1321	spokenIn	Q55
Q9288	spokenIn	Q55
Q9027	spokenIn	Q55
Q652	spokenIn	Q55
Q44661	spokenIn	Q55
Q188	spokenIn	Q55
Q34147	spokenIn	Q55
Q5885	spokenIn	Q55
Q9303	spokenIn	Q39
Q9307	spokenIn	Q39
Q8752	spokenIn	Q39
Q1321	spokenIn	Q39
Q7026	spokenIn	Q39
Q188	spokenIn	Q39
Q150	spokenIn	Q39
Q33375	spokenIn	Q39
Q1571	spokenIn	Q39
Q1568	spokenIn	Q39
Q1617	spokenIn	Q39
Q9610	spokenIn	Q39
Q11059	spokenIn	Q39
Q727694	spokenIn	Q39
Q5885	spokenIn	Q39
Q13955	spokenIn	Q39
Q1860	spokenIn	Q39
Q256	spokenIn	Q39
Q36368	spokenIn	Q39
Q10199	spokenIn	Q39
Q5146	spokenIn	Q39
Q9176	spokenIn	Q39
Q5287	spokenIn	Q39
Q7737	spokenIn	Q39
Q9051	spokenIn	Q39
Q809	spokenIn	Q39
Q9288	spokenIn	Q39
Q52040	spokenIn	Q39
Q9043	spokenIn	Q39
Q7411	spokenIn	Q39
Q7850	spokenIn	Q39
Q8798	spokenIn	Q39
Q9083	spokenIn	Q39
Q14185	spokenIn	Q39
Q21200	spokenIn	Q39
Q6654	spokenIn	Q39
Q9296	spokenIn	Q39
Q9199	spokenIn	Q424
Q7033959	spokenIn	Q424
Q9237	spokenIn	Q424
Q35939	spokenIn	Q99
Q33260	spokenIn	Q99
Q150	spokenIn	Q99
Q1843468	spokenIn	Q99
Q1860	spokenIn	Q99
Q33989	spokenIn	Q99
Q31989	spokenIn	Q99
Q7411	spokenIn	Q99
Q25258	spokenIn	Q99
Q25355	spokenIn	Q99
Q56463	spokenIn	Q99
Q1412	spokenIn	Q99
Q9043	spokenIn	Q99
Q9035	spokenIn	Q99
Q294	spokenIn	Q99
Q7976	spokenIn	Q99
Q9027	spokenIn	Q99
Q33239	spokenIn	Q99
Q1066778	spokenIn	Q99
Q36121	spokenIn	Q99
Q35978	spokenIn	Q99
Q8798	spokenIn	Q99
Q7737	spokenIn	Q99
Q9192	spokenIn	Q99
Q2748296	spokenIn	Q99
Q56504	spokenIn	Q99
Q34290	spokenIn	Q99
Q33375	spokenIn	Q99
Q36495	spokenIn	Q99
Q7033959	spokenIn	Q99
Q33569	spokenIn	Q99
Q5146	spokenIn	Q99
Q25448	spokenIn	Q99
Q14196	spokenIn	Q99
Q13275	spokenIn	Q99
Q7838	spokenIn	Q99
Q56475	spokenIn	Q99
Q33578	spokenIn	Q99
Q34257	spokenIn	Q99
Q1321	spokenIn	Q99
Q34124	spokenIn	Q99
Q34311	spokenIn	Q99
Q33845	spokenIn	Q99
Q652	spokenIn	Q99
Q33973	spokenIn	Q99
Q8641	spokenIn	Q99
Q7850	spokenIn	Q99
Q9288	spokenIn	Q99
Q9142	spokenIn	Q99
Q13955	spokenIn	Q99
Q9176	spokenIn	Q99
Q509780	spokenIn	Q99
Q5287	spokenIn	Q99
Q58635	spokenIn	Q99
Q188	spokenIn	Q99
Q5137	spokenIn	Q99
Q1571	spokenIn	Q99
Q5885	spokenIn	Q99
Q56487	spokenIn	Q99
Q9610	spokenIn	Q99
Q33810	spokenIn	Q99
Q33552	spokenIn	Q99
Q135595	spokenIn	Q99
Q34271	spokenIn	Q99
Q9168	spokenIn	Q858
Q33538	spokenIn	Q858
Q8108	spokenIn	Q858
Q13955	spokenIn	Q858
Q2414422	spokenIn	Q858
Q150	spokenIn	Q858
Q9288	spokenIn	Q858
Q1860	spokenIn	Q858
Q9129	spokenIn	Q858
Q36510	spokenIn	Q858
Q188	spokenIn	Q858
Q7737	spokenIn	Q858
Q7976	spokenIn	Q1261
Q34271	spokenIn	Q1261
Q7850	spokenIn	Q1261
Q1321	spokenIn	Q1261
Q1860	spokenIn	Q1261
Q7850	spokenIn	Q917
Q1641150	spokenIn	Q917
Q1568	spokenIn	Q917
Q34271	spokenIn	Q917
Q29401	spokenIn	Q917
Q1860	spokenIn	Q31
Q1321	spokenIn	Q31
Q9288	spokenIn	Q31
Q9027	spokenIn	Q31
Q150	spokenIn	Q31
Q652	spokenIn	Q31
Q256	spokenIn	Q31
Q36368	spokenIn	Q31
Q10199	spokenIn	Q31
Q188	spokenIn	Q31
Q25448	spokenIn	Q31
Q1860	spokenIn	Q1212
Q7976	spokenIn	Q1212
Q33577	spokenIn	Q837
Q7850	spokenIn	Q837
Q33081	spokenIn	Q837
Q135595	spokenIn	Q837
Q1641150	spokenIn	Q837
Q1568	spokenIn	Q837
Q29401	spokenIn	Q754
Q11059	spokenIn	Q754
Q33552	spokenIn	Q754
Q5885	spokenIn	Q754
Q1860	spokenIn	Q754
Q33810	spokenIn	Q754
Q34251	spokenIn	Q754
Q135595	spokenIn	Q754
Q5137	spokenIn	Q754
Q1571	spokenIn	Q754
Q33823	spokenIn	Q754
Q9610	spokenIn	Q754
Q9228	spokenIn	Q754
Q8097	spokenIn	Q754
Q33997	spokenIn	Q754
Q36109	spokenIn	Q754
Q34239	spokenIn	Q754
Q58635	spokenIn	Q754
Q1617	spokenIn	Q754
Q13196	spokenIn	Q754
Q7979	spokenIn	Q754
Q7976	spokenIn	Q754
Q44676	spokenIn	Q754
Q9186	spokenIn	Q754
Q9192	spokenIn	Q754
Q9255	spokenIn	Q148
Q7737	spokenIn	Q148
Q56959	spokenIn	Q148
Q5885	spokenIn	Q148
Q9237	spokenIn	Q148
Q1860	spokenIn	Q148
Q36109	spokenIn	Q148
Q9176	spokenIn	Q148
Q5146	spokenIn	Q148
Q1321	spokenIn	Q148
Q5287	spokenIn	Q148
Q36778	spokenIn	Q148
Q9192	spokenIn	Q148
Q33823	spokenIn	Q148
Q1641150	spokenIn	Q148
Q1568	spokenIn	Q148
Q34271	spokenIn	Q148
Q135595	spokenIn	Q148
Q2748296	spokenIn	Q148
Q9199	spokenIn	Q148
Q9205	spokenIn	Q148
Q7976	spokenIn	Q148
Q34090	spokenIn	Q148
Q1450506	spokenIn	Q148
Q44676	spokenIn	Q148
Q1156228	spokenIn	Q1030
Q5146	spokenIn	Q1030
Q1321	spokenIn	Q1030
Q7411	spokenIn	Q1030
Q1860	spokenIn	Q1030
Q150	spokenIn	Q1030
Q33146	spokenIn	Q1030
Q9129	spokenIn	Q1030
Q652	spokenIn	Q1030
Q188	spokenIn	Q1030
Q8748	spokenIn	Q222
Q9129	spokenIn	Q222
Q9063	spokenIn	Q222
Q44661	spokenIn	Q8646
Q1860	spokenIn	Q8646
Q9309	spokenIn	Q8646
Q14549	spokenIn	Q8646
Q9142	spokenIn	Q8646
Q15065	spokenIn	Q8646
Q55	spokenIn	Q8646
Q833	spokenIn	Q8646
Q9240	spokenIn	Q8646
Q7411	spokenIn	Q8646
Q33549	spokenIn	Q8646
Q33788	spokenIn	Q8646
Q334	spokenIn	Q8646
Q730	spokenIn	Q8646
Q150	spokenIn	Q8646
Q36759	spokenIn	Q8646
Q1450506	spokenIn	Q8646
Q44676	spokenIn	Q8646
Q9237	spokenIn	Q8646
Q1413694	spokenIn	Q8646
Q1066778	spokenIn	Q8646
Q33239	spokenIn	Q8646
Q947858	spokenIn	Q8646
Q33298	spokenIn	Q8646
Q36121	spokenIn	Q8646
Q34057	spokenIn	Q8646
Q35978	spokenIn	Q8646
Q135595	spokenIn	Q8646
Q5885	spokenIn	Q8646
Q9192	spokenIn	Q8646
Q44679	spokenIn	Q8646
Q779191	spokenIn	Q8646
Q1860	spokenIn	Q1019
Q779191	spokenIn	Q1019
Q150	spokenIn	Q1019
Q5137	spokenIn	Q1019
Q1617	spokenIn	Q1019
Q56487	spokenIn	Q1019
Q1321	spokenIn	Q1019
Q9129	spokenIn	Q1019
Q7411	spokenIn	Q1019
Q14196	spokenIn	Q1019
Q5146	spokenIn	Q1019
Q652	spokenIn	Q1019
Q188	spokenIn	Q1019
Q135595	spokenIn	Q1019
Q1571	spokenIn	Q1019
Q33661	spokenIn	Q1019
Q1568	spokenIn	Q1019
Q9299	spokenIn	Q1246
Q34124	spokenIn	Q851
Q13275	spokenIn	Q851
Q29401	spokenIn	Q851
Q11059	spokenIn	Q851
Q33552	spokenIn	Q851
Q5885	spokenIn	Q851
Q1860	spokenIn	Q851
Q33810	spokenIn	Q851
Q34251	spokenIn	Q851
Q135595	spokenIn	Q851
Q5137	spokenIn	Q851
Q1571	spokenIn	Q851
Q33823	spokenIn	Q851
Q9610	spokenIn	Q851
Q29579	spokenIn	Q851
Q9228	spokenIn	Q851
Q8097	spokenIn	Q851
Q33268	spokenIn	Q851
Q33997	spokenIn	Q851
Q36109	spokenIn	Q851
Q34239	spokenIn	Q851
Q58635	spokenIn	Q851
Q1617	spokenIn	Q851
Q13196	spokenIn	Q851
Q33549	spokenIn	Q851
Q9237	spokenIn	Q851
Q1413694	spokenIn	Q851
Q1066778	spokenIn	Q851
Q33049	spokenIn	Q851
Q9129	spokenIn	Q851
Q2414422	spokenIn	Q851
Q15065	spokenIn	Q851
Q55	spokenIn	Q851
Q833	spokenIn	Q851
Q9240	spokenIn	Q851
Q7411	spokenIn	Q851
Q33788	spokenIn	Q851
Q334	spokenIn	Q851
Q730	spokenIn	Q851
Q150	spokenIn	Q851
Q7838	spokenIn	Q851
Q33239	spokenIn	Q851
Q947858	spokenIn	Q851
Q33298	spokenIn	Q851
Q36121	spokenIn	Q851
Q34057	spokenIn	Q851
Q35978	spokenIn	Q851
Q9264	spokenIn	Q851
Q9072	spokenIn	Q20
Q21200	spokenIn	Q20
Q25258	spokenIn	Q20
Q294	spokenIn	Q20
Q9035	spokenIn	Q20
Q1617	spokenIn	Q20
Q58635	spokenIn	Q20
Q1568	spokenIn	Q20
Q9083	spokenIn	Q20
Q9027	spokenIn	Q20
Q1412	spokenIn	Q20
Q9303	spokenIn	Q20
Q25355	spokenIn	Q20
Q29921	spokenIn	Q20
Q7737	spokenIn	Q20
Q25448	spokenIn	Q1016
Q1617	spokenIn	Q1016
Q58635	spokenIn	Q1016
Q1568	spokenIn	Q1016
Q29919	spokenIn	Q1016
Q9176	spokenIn	Q45
Q5287	spokenIn	Q45
Q7737	spokenIn	Q45
Q9051	spokenIn	Q45
Q809	spokenIn	Q45
Q9288	spokenIn	Q45
Q52040	spokenIn	Q45
Q9043	spokenIn	Q45
Q7411	spokenIn	Q45
Q7850	spokenIn	Q45
Q8798	spokenIn	Q45
Q9083	spokenIn	Q45
Q188	spokenIn	Q45
Q14196	spokenIn	Q45
Q1321	spokenIn	Q45
Q1860	spokenIn	Q45
Q150	spokenIn	Q45
Q7913	spokenIn	Q45
Q5137	spokenIn	Q45
Q1617	spokenIn	Q45
Q9307	spokenIn	Q916
Q14196	spokenIn	Q916
Q1321	spokenIn	Q916
Q7411	spokenIn	Q916
Q1860	spokenIn	Q916
Q150	spokenIn	Q916
Q9129	spokenIn	Q916
Q652	spokenIn	Q916
Q188	spokenIn	Q916
Q7033959	spokenIn	Q836
Q1860	spokenIn	Q836
Q779191	spokenIn	Q836
Q1624231	spokenIn	Q836
Q9192	spokenIn	Q836
Q2748296	spokenIn	Q836
Q33375	spokenIn	Q836
Q135595	spokenIn	Q836
Q7850	spokenIn	Q836
Q1860	spokenIn	Q1164
Q33823	spokenIn	Q1164
Q1363	spokenIn	Q1164
Q9240	spokenIn	Q2051
Q9237	spokenIn	Q2051
Q8108	spokenIn	Q41
Q13201	spokenIn	Q41
Q7913	spokenIn	Q41
Q9063	spokenIn	Q41
Q33049	spokenIn	Q41
Q1860	spokenIn	Q41
Q1617	spokenIn	Q41
Q33997	spokenIn	Q41
Q58635	spokenIn	Q41
Q9129	spokenIn	Q41
Q8748	spokenIn	Q41
Q33673	spokenIn	Q1177
Q33810	spokenIn	Q1177
Q5885	spokenIn	Q1177
Q35394	spokenIn	Q1177
Q8097	spokenIn	Q1177
Q1571	spokenIn	Q1177
Q5137	spokenIn	Q1177
Q1568	spokenIn	Q1177
Q33552	spokenIn	Q1177
Q135595	spokenIn	Q1177
Q1860	spokenIn	Q1177
Q33823	spokenIn	Q1177
Q188	spokenIn	Q974
Q34147	spokenIn	Q974
Q1321	spokenIn	Q60130
Q1450506	spokenIn	Q822
Q44676	spokenIn	Q822
Q9129	spokenIn	Q822
Q2414422	spokenIn	Q822
Q34124	spokenIn	Q822
Q13275	spokenIn	Q822
Q9168	spokenIn	Q822
Q33538	spokenIn	Q822
Q8108	spokenIn	Q822
Q13955	spokenIn	Q822
Q8785	spokenIn	Q822
Q150	spokenIn	Q822
Q1321	spokenIn	Q822
Q1860	spokenIn	Q822
Q5146	spokenIn	Q822
Q9288	spokenIn	Q822
Q7913	spokenIn	Q813
Q7737	spokenIn	Q813
Q33348	spokenIn	Q813
Q9246	spokenIn	Q813
Q34090	spokenIn	Q813
Q9192	spokenIn	Q813
Q2748296	spokenIn	Q813
Q7850	spokenIn	Q19770
Q33375	spokenIn	Q19770
Q1156228	spokenIn	Q954
Q14196	spokenIn	Q954
Q9043	spokenIn	Q189
Q9035	spokenIn	Q189
Q25258	spokenIn	Q189
Q21200	spokenIn	Q189
Q25355	spokenIn	Q189
Q29921	spokenIn	Q189
Q135595	spokenIn	Q213893
Q58635	spokenIn	Q213893
Q33997	spokenIn	Q213893
Q5885	spokenIn	Q213893
Q9237	spokenIn	Q213893
Q135595	spokenIn	Q1159
Q33673	spokenIn	Q1159
Q5885	spokenIn	Q1159
Q35394	spokenIn	Q1159
Q5137	spokenIn	Q1159
Q1568	spokenIn	Q1159
Q33552	spokenIn	Q1159
Q33673	spokenIn	Q1191
Q5137	spokenIn	Q1191
Q1568	spokenIn	Q1191
Q11059	spokenIn	Q1191
Q36236	spokenIn	Q1191
Q135595	spokenIn	Q1191
Q1171	spokenIn	Q1191
Q1191	spokenIn	Q1191
Q1185	spokenIn	Q1191
Q33810	spokenIn	Q1191
Q5885	spokenIn	Q1191
Q35394	spokenIn	Q1191
Q8097	spokenIn	Q1191
Q33552	spokenIn	Q1191
Q1321	spokenIn	Q3908
Q33577	spokenIn	Q902
Q33673	spokenIn	Q902
Q33810	spokenIn	Q902
Q5885	spokenIn	Q902
Q35394	spokenIn	Q902
Q8097	spokenIn	Q902
Q1571	spokenIn	Q902
Q5137	spokenIn	Q902
Q1568	spokenIn	Q902
Q33552	spokenIn	Q902
Q1617	spokenIn	Q902
Q58635	spokenIn	Q902
Q1363	spokenIn	Q902
Q1860	spokenIn	Q902
Q33673	spokenIn	Q1061
Q1568	spokenIn	Q1061
Q11059	spokenIn	Q1061
Q34251	spokenIn	Q1061
Q36236	spokenIn	Q1061
Q135595	spokenIn	Q1061
Q33810	spokenIn	Q1061
Q1860	spokenIn	Q1537
Q1450506	spokenIn	Q1537
Q9056	spokenIn	Q1537
Q7976	spokenIn	Q1537
Q25258	spokenIn	Q1537
Q25355	spokenIn	Q1537
Q56463	spokenIn	Q1537
Q1412	spokenIn	Q1537
Q9043	spokenIn	Q1537
Q9035	spokenIn	Q1537
Q294	spokenIn	Q1537
Q9027	spokenIn	Q1537
Q150	spokenIn	Q1537
Q34271	spokenIn	Q1537
Q7850	spokenIn	Q1537
Q135595	spokenIn	Q188096
Q58635	spokenIn	Q188096
Q33997	spokenIn	Q188096
Q5885	spokenIn	Q188096
Q9237	spokenIn	Q188096
Q35571	spokenIn	Q188096
Q9186	spokenIn	Q188096
Q1624231	spokenIn	Q188096
Q33375	spokenIn	Q188096
Q36759	spokenIn	Q188096
Q25448	spokenIn	Q912
Q33454	spokenIn	Q912
Q1568	spokenIn	Q1353
Q1617	spokenIn	Q1353
Q13955	spokenIn	Q1353
Q1860	spokenIn	Q1353
Q33823	spokenIn	Q1353
Q135595	spokenIn	Q1353
Q1860	spokenIn	Q1965
Q1450506	spokenIn	Q1904
Q1516642	spokenIn	Q1904
Q44676	spokenIn	Q1904
Q652	spokenIn	Q1904
Q33845	spokenIn	Q1904
Q33973	spokenIn	Q1904
Q14549	spokenIn	Q1904
Q9314	spokenIn	Q1904
Q1584458	spokenIn	Q1904
Q34057	spokenIn	Q1904
Q13871	spokenIn	Q1904
Q36121	spokenIn	Q1904
Q947858	spokenIn	Q1904
Q5137	spokenIn	Q1904
Q58635	spokenIn	Q1904
Q1568	spokenIn	Q1904
Q135595	spokenIn	Q1904
Q5885	spokenIn	Q1904
Q9610	spokenIn	Q1904
Q9043	spokenIn	Q1904
Q1860	spokenIn	Q1904
Q5287	spokenIn	Q1904
Q8798	spokenIn	Q1904
Q7737	spokenIn	Q1904
Q150	spokenIn	Q1904
Q33997	spokenIn	Q1904
Q1617	spokenIn	Q1904
Q33049	spokenIn	Q1904
Q9199	spokenIn	Q819
Q9205	spokenIn	Q819
Q9237	spokenIn	Q819
Q9228	spokenIn	Q819
Q9217	spokenIn	Q819
Q1860	spokenIn	Q1454
Q5137	spokenIn	Q1454
Q1571	spokenIn	Q1454
Q5885	spokenIn	Q1454
Q56487	spokenIn	Q1454
Q7976	spokenIn	Q1454
Q9610	spokenIn	Q1454
Q33810	spokenIn	Q1454
Q1843468	spokenIn	Q1454
Q33552	spokenIn	Q1454
Q135595	spokenIn	Q1454
Q9314	spokenIn	Q1454
Q150	spokenIn	Q1454
Q36368	spokenIn	Q79
Q2414422	spokenIn	Q79
Q25448	spokenIn	Q79
Q9168	spokenIn	Q79
Q33538	spokenIn	Q79
Q8108	spokenIn	Q79
Q13955	spokenIn	Q79
Q150	spokenIn	Q79
Q9288	spokenIn	Q79
Q1860	spokenIn	Q79
Q188	spokenIn	Q79
Q7737	spokenIn	Q79
Q256	spokenIn	Q79
Q1624231	spokenIn	Q2140
Q33375	spokenIn	Q2140
Q36759	spokenIn	Q2140
Q33549	spokenIn	Q2140
Q9192	spokenIn	Q2140
Q9240	spokenIn	Q2140
Q36495	spokenIn	Q2140
Q9303	spokenIn	Q40
Q2269883	spokenIn	Q40
Q188	spokenIn	Q40
Q7411	spokenIn	Q40
Q1860	spokenIn	Q40
Q9240	spokenIn	Q40
Q9056	spokenIn	Q40
Q9058	spokenIn	Q40
Q256	spokenIn	Q40
Q36368	spokenIn	Q40
Q10199	spokenIn	Q40
Q6654	spokenIn	Q40
Q9296	spokenIn	Q40
Q9063	spokenIn	Q40
Q7918	spokenIn	Q40
Q33997	spokenIn	Q889
Q7737	spokenIn	Q889
Q7737	spokenIn	Q874
Q33348	spokenIn	Q874
Q34090	spokenIn	Q874
Q33997	spokenIn	Q874
Q9168	spokenIn	Q874
Q135595	spokenIn	Q677037
Q945	spokenIn	Q1033
Q150	spokenIn	Q1033
Q657	spokenIn	Q1033
Q1033	spokenIn	Q1033
Q1049	spokenIn	Q1033
Q1032	spokenIn	Q1033
Q912	spokenIn	Q1033
Q117	spokenIn	Q1033
Q962	spokenIn	Q1033
Q1009	spokenIn	Q1033
Q1000	spokenIn	Q1033
Q1860	spokenIn	Q1033
Q33454	spokenIn	Q1033
Q1156228	spokenIn	Q1033
Q14196	spokenIn	Q1033
Q35571	spokenIn	Q188953
Q9186	spokenIn	Q188953
Q1624231	spokenIn	Q188953
Q33375	spokenIn	Q188953
Q9237	spokenIn	Q188953
Q36759	spokenIn	Q188953
Q135595	spokenIn	Q188953
Q58635	spokenIn	Q188953
Q33997	spokenIn	Q188953
Q5885	spokenIn	Q188953
Q1584458	spokenIn	Q1974
Q34057	spokenIn	Q1974
Q13871	spokenIn	Q1974
Q36121	spokenIn	Q1974
Q44676	spokenIn	Q1974
Q947858	spokenIn	Q1974
Q1450506	spokenIn	Q1974
Q652	spokenIn	Q1974
Q33845	spokenIn	Q1974
Q33973	spokenIn	Q1974
Q14549	spokenIn	Q1974
Q9314	spokenIn	Q1974
Q5137	spokenIn	Q1974
Q58635	spokenIn	Q1974
Q1568	spokenIn	Q1974
Q135595	spokenIn	Q1974
Q5885	spokenIn	Q1974
Q9610	spokenIn	Q1974
Q8798	spokenIn	Q1974
Q979914	spokenIn	Q1974
Q7737	spokenIn	Q1974
Q9043	spokenIn	Q1974
Q1516642	spokenIn	Q1974
Q1860	spokenIn	Q1974
Q33997	spokenIn	Q1974
Q1617	spokenIn	Q1974
Q150	spokenIn	Q1974
Q33049	spokenIn	Q1974
Q5287	spokenIn	Q1974
Q9240	spokenIn	Q5078
Q9237	spokenIn	Q5078
Q2414422	spokenIn	Q796
Q33538	spokenIn	Q796
Q8108	spokenIn	Q796
Q13955	spokenIn	Q796
Q188	spokenIn	Q796
Q7737	spokenIn	Q796
Q1860	spokenIn	Q796
Q9288	spokenIn	Q796
Q150	spokenIn	Q796
Q1860	spokenIn	Q19188
Q779191	spokenIn	Q19188
Q1624231	spokenIn	Q19188
Q33081	spokenIn	Q19188
Q33823	spokenIn	Q19188
Q33375	spokenIn	Q19188
Q9199	spokenIn	Q17
Q1413694	spokenIn	Q17
Q1066778	spokenIn	Q17
Q36778	spokenIn	Q17
Q9192	spokenIn	Q17
Q9176	spokenIn	Q17
Q5146	spokenIn	Q17
Q7737	spokenIn	Q17
Q9051	spokenIn	Q17
Q809	spokenIn	Q17
Q9288	spokenIn	Q17
Q52040	spokenIn	Q17
Q9043	spokenIn	Q17
Q7411	spokenIn	Q17
Q7850	spokenIn	Q17
Q8798	spokenIn	Q17
Q9083	spokenIn	Q17
Q1860	spokenIn	Q17
Q1321	spokenIn	Q17
Q188	spokenIn	Q17
Q33239	spokenIn	Q17
Q947858	spokenIn	Q17
Q33298	spokenIn	Q17
Q36121	spokenIn	Q17
Q34057	spokenIn	Q17
Q35978	spokenIn	Q17
Q9246	spokenIn	Q17
Q44661	spokenIn	Q17
Q1860	spokenIn	Q117
Q1156228	spokenIn	Q117
Q14196	spokenIn	Q117
Q945	spokenIn	Q117
Q150	spokenIn	Q117
Q657	spokenIn	Q117
Q1033	spokenIn	Q117
Q1049	spokenIn	Q117
Q1032	spokenIn	Q117
Q912	spokenIn	Q117
Q117	spokenIn	Q117
Q962	spokenIn	Q117
Q1009	spokenIn	Q117
Q1000	spokenIn	Q117
Q432	spokenIn	Q117
Q12585	spokenIn	Q117
Q155	spokenIn	Q117
Q241	spokenIn	Q117
Q34311	spokenIn	Q117
Q1066778	spokenIn	Q124873
Q35978	spokenIn	Q124873
Q33298	spokenIn	Q124873
Q1413694	spokenIn	Q124873
Q1584458	spokenIn	Q124873
Q947858	spokenIn	Q124873
Q1860	spokenIn	Q124873
Q34057	spokenIn	Q124873
Q25448	spokenIn	Q1032
Q945	spokenIn	Q1032
Q150	spokenIn	Q1032
Q657	spokenIn	Q1032
Q1033	spokenIn	Q1032
Q1049	spokenIn	Q1032
Q1032	spokenIn	Q1032
Q912	spokenIn	Q1032
Q117	spokenIn	Q1032
Q962	spokenIn	Q1032
Q1009	spokenIn	Q1032
Q1000	spokenIn	Q1032
Q1860	spokenIn	Q1032
Q33454	spokenIn	Q1032
Q7411	spokenIn	Q419
Q5146	spokenIn	Q419
Q150	spokenIn	Q419
Q1860	spokenIn	Q419
Q1321	spokenIn	Q419
Q9035	spokenIn	Q419
Q7033959	spokenIn	Q419
Q652	spokenIn	Q419
Q5287	spokenIn	Q419
Q750553	spokenIn	Q419
Q33491	spokenIn	Q419
Q8752	spokenIn	Q419
Q14185	spokenIn	Q419
Q7026	spokenIn	Q419
Q21200	spokenIn	Q419
Q33375	spokenIn	Q419
Q16799549	spokenIn	Q419
Q33738	spokenIn	Q419
Q13300	spokenIn	Q419
Q33375	spokenIn	Q664609
Q14196	spokenIn	Q664609
Q5146	spokenIn	Q664609
Q1321	spokenIn	Q664609
Q1860	spokenIn	Q664609
Q150	spokenIn	Q664609
Q9083	spokenIn	Q22890
Q44661	spokenIn	Q22890
Q1860	spokenIn	Q22890
Q9309	spokenIn	Q22890
Q14549	spokenIn	Q22890
Q9299	spokenIn	Q225
Q8821	spokenIn	Q225
Q9303	spokenIn	Q225
Q9296	spokenIn	Q225
Q9063	spokenIn	Q225
Q7918	spokenIn	Q225
Q7979	spokenIn	Q734
Q7976	spokenIn	Q734
Q44676	spokenIn	Q734
Q1860	spokenIn	Q734
Q5146	spokenIn	Q734
Q36236	spokenIn	Q734
Q56487	spokenIn	Q734
Q9610	spokenIn	Q734
Q135595	spokenIn	Q734
Q603200	spokenIn	Q734
Q33552	spokenIn	Q734
Q5137	spokenIn	Q734
Q58635	spokenIn	Q734
Q33673	spokenIn	Q734
Q5885	spokenIn	Q734
Q8097	spokenIn	Q734
Q33997	spokenIn	Q734
Q33491	spokenIn	Q734
Q33989	spokenIn	Q734
Q9186	spokenIn	Q734
Q9192	spokenIn	Q734
Q150	spokenIn	Q734
Q13275	spokenIn	Q114
Q5137	spokenIn	Q114
Q1617	spokenIn	Q114
Q135595	spokenIn	Q114
Q1860	spokenIn	Q114
Q7930	spokenIn	Q114
Q1571	spokenIn	Q114
Q33661	spokenIn	Q114
Q1568	spokenIn	Q114
Q1156228	spokenIn	Q114
Q14196	spokenIn	Q114
Q1321	spokenIn	Q114
Q9129	spokenIn	Q114
Q7411	spokenIn	Q114
Q150	spokenIn	Q114
Q5146	spokenIn	Q114
Q652	spokenIn	Q114
Q188	spokenIn	Q114
Q34124	spokenIn	Q977
Q28244	spokenIn	Q977
Q9240	spokenIn	Q4648
Q33549	spokenIn	Q4648
Q33239	spokenIn	Q816
Q1066778	spokenIn	Q816
Q36121	spokenIn	Q816
Q35978	spokenIn	Q816
Q7976	spokenIn	Q816
Q1321	spokenIn	Q816
Q1860	spokenIn	Q816
Q5137	spokenIn	Q816
Q1571	spokenIn	Q816
Q5885	spokenIn	Q816
Q56487	spokenIn	Q816
Q9610	spokenIn	Q816
Q33810	spokenIn	Q816
Q1843468	spokenIn	Q816
Q33552	spokenIn	Q816
Q135595	spokenIn	Q816
Q150	spokenIn	Q816
Q13955	spokenIn	Q816
Q5885	spokenIn	Q1185
Q35394	spokenIn	Q1185
Q8097	spokenIn	Q1185
Q5137	spokenIn	Q1185
Q1568	spokenIn	Q1185
Q33552	spokenIn	Q1185
Q1171	spokenIn	Q1185
Q11059	spokenIn	Q1185
Q1191	spokenIn	Q1185
Q36236	spokenIn	Q1185
Q1185	spokenIn	Q1185
Q34251	spokenIn	Q1185
Q58635	spokenIn	Q21
Q5885	spokenIn	Q21
Q9610	spokenIn	Q21
Q5137	spokenIn	Q21
Q33823	spokenIn	Q21
Q1617	spokenIn	Q21
Q7850	spokenIn	Q711
Q7737	spokenIn	Q711
Q29919	spokenIn	Q1049
Q33454	spokenIn	Q1049
Q1156228	spokenIn	Q1050
Q14196	spokenIn	Q1050
Q33146	spokenIn	Q1050
Q1860	spokenIn	Q1050
Q1321	spokenIn	Q1050
Q9129	spokenIn	Q1050
Q7411	spokenIn	Q1050
Q150	spokenIn	Q1050
Q5146	spokenIn	Q1050
Q652	spokenIn	Q1050
Q188	spokenIn	Q1050
Q33538	spokenIn	Q1186
Q1171	spokenIn	Q1186
Q33673	spokenIn	Q1186
Q11059	spokenIn	Q1186
Q1191	spokenIn	Q1186
Q1571	spokenIn	Q1186
Q1185	spokenIn	Q1186
Q1860	spokenIn	Q750
Q7411	spokenIn	Q750
Q5146	spokenIn	Q750
Q150	spokenIn	Q750
Q1321	spokenIn	Q750
Q9035	spokenIn	Q750
Q5137	spokenIn	Q1223
Q1571	spokenIn	Q1223
Q5885	spokenIn	Q1223
Q56487	spokenIn	Q1223
Q7976	spokenIn	Q1223
Q9610	spokenIn	Q1223
Q33810	spokenIn	Q1223
Q1843468	spokenIn	Q1223
Q33552	spokenIn	Q1223
Q135595	spokenIn	Q1223
Q33239	spokenIn	Q1223
Q1066778	spokenIn	Q1223
Q36121	spokenIn	Q1223
Q35978	spokenIn	Q1223
Q7737	spokenIn	Q1223
Q33569	spokenIn	Q1223
Q9296	spokenIn	Q28
Q9063	spokenIn	Q28
Q7918	spokenIn	Q28
Q6654	spokenIn	Q28
Q13201	spokenIn	Q28
Q9078	spokenIn	Q28
Q9027	spokenIn	Q28
Q7913	spokenIn	Q28
Q7737	spokenIn	Q28
Q9043	spokenIn	Q28
Q14196	spokenIn	Q130840
Q1156228	spokenIn	Q130840
Q150	spokenIn	Q1649
Q1860	spokenIn	Q1649
Q33875	spokenIn	Q1649
Q1321	spokenIn	Q1649
Q7976	spokenIn	Q1649
Q150	spokenIn	Q17063
Q14196	spokenIn	Q133083
Q1156228	spokenIn	Q133083
Q14196	spokenIn	Q132410
Q1156228	spokenIn	Q132410
Q9078	spokenIn	Q33
Q7913	spokenIn	Q33
Q7737	spokenIn	Q33
Q9043	spokenIn	Q33
Q9072	spokenIn	Q33
Q5137	spokenIn	Q924
Q1617	spokenIn	Q924
Q135595	spokenIn	Q924
Q1860	spokenIn	Q924
Q7930	spokenIn	Q924
Q1571	spokenIn	Q924
Q33661	spokenIn	Q924
Q1568	spokenIn	Q924
Q34239	spokenIn	Q924
Q8798	spokenIn	Q1989
Q979914	spokenIn	Q1989
Q44676	spokenIn	Q1989
Q7737	spokenIn	Q1989
Q1860	spokenIn	Q1989
Q7976	spokenIn	Q1989
Q1450506	spokenIn	Q1989
Q9043	spokenIn	Q1989
Q1450506	spokenIn	Q1948
Q44676	spokenIn	Q1948
Q652	spokenIn	Q1948
Q33845	spokenIn	Q1948
Q33973	spokenIn	Q1948
Q9043	spokenIn	Q1948
Q1860	spokenIn	Q1948
Q7976	spokenIn	Q1948
Q8798	spokenIn	Q1948
Q979914	spokenIn	Q1948
Q7737	spokenIn	Q1948
Q1584458	spokenIn	Q1948
Q34057	spokenIn	Q1948
Q13871	spokenIn	Q1948
Q36121	spokenIn	Q1948
Q947858	spokenIn	Q1948
Q14549	spokenIn	Q1948
Q9314	spokenIn	Q1948
Q9083	spokenIn	Q211
Q7737	spokenIn	Q211
Q8108	spokenIn	Q211
Q9091	spokenIn	Q211
Q8798	spokenIn	Q211
Q33348	spokenIn	Q211
Q7913	spokenIn	Q211
Q135595	spokenIn	Q1168
Q188	spokenIn	Q770
Q7411	spokenIn	Q770
Q7850	spokenIn	Q43194
Q7033959	spokenIn	Q43194
Q33260	spokenIn	Q790
Q31989	spokenIn	Q790
Q35939	spokenIn	Q790
Q1321	spokenIn	Q790
Q7411	spokenIn	Q790
Q1860	spokenIn	Q790
Q1843468	spokenIn	Q790
Q150	spokenIn	Q790
Q5146	spokenIn	Q790
Q33989	spokenIn	Q790
Q1156228	spokenIn	Q1013
Q14196	spokenIn	Q1013
Q9027	spokenIn	Q35
Q9035	spokenIn	Q35
Q21200	spokenIn	Q35
Q1860	spokenIn	Q35
Q9043	spokenIn	Q35
Q29921	spokenIn	Q35
Q9303	spokenIn	Q35
Q294	spokenIn	Q35
Q29921	spokenIn	Q223
Q9035	spokenIn	Q223
Q33552	spokenIn	Q22
Q1860	spokenIn	Q22
Q1617	spokenIn	Q22
Q7979	spokenIn	Q22
Q14549	spokenIn	Q22
Q9309	spokenIn	Q22
Q7850	spokenIn	Q42392
Q33375	spokenIn	Q15176
Q44676	spokenIn	Q3058779
Q1860	spokenIn	Q3058779
Q135595	spokenIn	Q1498
Q33673	spokenIn	Q1498
Q33810	spokenIn	Q1498
Q5885	spokenIn	Q1498
Q35394	spokenIn	Q1498
Q8097	spokenIn	Q1498
Q1571	spokenIn	Q1498
Q5137	spokenIn	Q1498
Q1568	spokenIn	Q1498
Q33552	spokenIn	Q1498
Q1171	spokenIn	Q1498
Q11059	spokenIn	Q1498
Q1191	spokenIn	Q1498
Q36236	spokenIn	Q1498
Q1185	spokenIn	Q1498
Q13201	spokenIn	Q219
Q9063	spokenIn	Q219
Q8108	spokenIn	Q219
Q7913	spokenIn	Q219
Q8798	spokenIn	Q219
Q7737	spokenIn	Q219
Q1860	spokenIn	Q948
Q1321	spokenIn	Q948
Q9129	spokenIn	Q948
Q7411	spokenIn	Q948
Q14196	spokenIn	Q948
Q150	spokenIn	Q948
Q5146	spokenIn	Q948
Q652	spokenIn	Q948
Q188	spokenIn	Q948
Q25448	spokenIn	Q948
Q56231	spokenIn	Q948
Q256	spokenIn	Q230
Q36510	spokenIn	Q230
Q1321	spokenIn	Q766
Q5146	spokenIn	Q766
Q1860	spokenIn	Q766
Q150	spokenIn	Q766
Q33491	spokenIn	Q766
Q7411	spokenIn	Q766
Q33375	spokenIn	Q766
Q33989	spokenIn	Q766
Q33260	spokenIn	Q766
Q31989	spokenIn	Q766
Q9186	spokenIn	Q766
Q135595	spokenIn	Q766
Q5885	spokenIn	Q766
Q9192	spokenIn	Q766
Q36236	spokenIn	Q766
Q56487	spokenIn	Q766
Q9610	spokenIn	Q766
Q603200	spokenIn	Q766
Q33552	spokenIn	Q766
Q5137	spokenIn	Q766
Q58635	spokenIn	Q766
Q33673	spokenIn	Q766
Q8097	spokenIn	Q766
Q33997	spokenIn	Q766
Q1321	spokenIn	Q228
Q150	spokenIn	Q228
Q1860	spokenIn	Q1612
Q9314	spokenIn	Q1612
Q652	spokenIn	Q77
Q8752	spokenIn	Q77
Q14185	spokenIn	Q77
Q7026	spokenIn	Q77
Q150	spokenIn	Q77
Q21200	spokenIn	Q77
Q1321	spokenIn	Q77
Q9142	spokenIn	Q77
Q5287	spokenIn	Q77
Q58635	spokenIn	Q77
Q34311	spokenIn	Q77
Q1860	spokenIn	Q77
Q9176	spokenIn	Q77
Q13955	spokenIn	Q77
Q9288	spokenIn	Q77
Q188	spokenIn	Q77
Q8641	spokenIn	Q77
Q1843468	spokenIn	Q77
Q7850	spokenIn	Q77
Q33673	spokenIn	Q1445
Q5885	spokenIn	Q1445
Q35394	spokenIn	Q1445
Q8097	spokenIn	Q1445
Q5137	spokenIn	Q1445
Q1568	spokenIn	Q1445
Q33552	spokenIn	Q1445
Q135595	spokenIn	Q1445
Q33375	spokenIn	Q15
Q56231	spokenIn	Q15
Q1321	spokenIn	Q15
Q1321	spokenIn	Q34110
Q9296	spokenIn	Q224
Q9063	spokenIn	Q224
Q7918	spokenIn	Q224
Q9303	spokenIn	Q224
Q8748	spokenIn	Q224
Q1321	spokenIn	Q60158
Q1860	spokenIn	Q1044
Q25258	spokenIn	Q829
Q25355	spokenIn	Q829
Q56463	spokenIn	Q829
Q1412	spokenIn	Q829
Q9043	spokenIn	Q829
Q9035	spokenIn	Q829
Q294	spokenIn	Q829
Q7976	spokenIn	Q829
Q9027	spokenIn	Q829
Q1860	spokenIn	Q829
Q9314	spokenIn	Q829
Q33569	spokenIn	Q829
Q1860	spokenIn	Q1599
Q33823	spokenIn	Q1599
Q135595	spokenIn	Q1599
Q33375	spokenIn	Q11708
Q7033959	spokenIn	Q11708
Q36759	spokenIn	Q11708
Q135595	spokenIn	Q1036
Q1860	spokenIn	Q1036
Q7930	spokenIn	Q1036
Q1571	spokenIn	Q1036
Q33661	spokenIn	Q1036
Q1617	spokenIn	Q1036
Q1568	spokenIn	Q1036
Q34090	spokenIn	Q227
Q7737	spokenIn	Q227
Q1363	spokenIn	Q1502
Q1860	spokenIn	Q1502
Q33823	spokenIn	Q1502
Q135595	spokenIn	Q1502
Q135595	spokenIn	Q1029
Q1860	spokenIn	Q1029
Q7930	spokenIn	Q1029
Q1571	spokenIn	Q1029
Q33661	spokenIn	Q1029
Q1617	spokenIn	Q1029
Q1568	spokenIn	Q1029
Q14196	spokenIn	Q1029
Q1321	spokenIn	Q1029
Q7411	spokenIn	Q1029
Q150	spokenIn	Q1029
Q9129	spokenIn	Q1029
Q652	spokenIn	Q1029
Q188	spokenIn	Q1029
Q33577	spokenIn	Q854
Q1321	spokenIn	Q21203
Q1860	spokenIn	Q21203
Q5146	spokenIn	Q21203
Q117	spokenIn	Q945
Q150	spokenIn	Q945
Q945	spokenIn	Q945
Q432	spokenIn	Q945
Q12585	spokenIn	Q945
Q1033	spokenIn	Q945
Q155	spokenIn	Q945
Q241	spokenIn	Q945
Q962	spokenIn	Q945
Q1860	spokenIn	Q945
Q34311	spokenIn	Q945
Q657	spokenIn	Q945
Q1049	spokenIn	Q945
Q1032	spokenIn	Q945
Q912	spokenIn	Q945
Q1009	spokenIn	Q945
Q1000	spokenIn	Q945
Q7913	spokenIn	Q863
Q7737	spokenIn	Q863
Q1321	spokenIn	Q3934
Q9063	spokenIn	Q221
Q28244	spokenIn	Q986
Q9129	spokenIn	Q229
Q8108	spokenIn	Q229
Q36510	spokenIn	Q229
Q1860	spokenIn	Q1356
Q33823	spokenIn	Q1356
Q1363	spokenIn	Q1356
Q33681	spokenIn	Q4412
Q1860	spokenIn	Q1162
Q33823	spokenIn	Q1162
Q33375	spokenIn	Q47097
Q135595	spokenIn	Q1020
Q1860	spokenIn	Q1020
Q7930	spokenIn	Q1020
Q1571	spokenIn	Q1020
Q33661	spokenIn	Q1020
Q1617	spokenIn	Q1020
Q1568	spokenIn	Q1020
Q135595	spokenIn	Q1499
Q1860	spokenIn	Q1499
Q33823	spokenIn	Q1499
Q150	spokenIn	Q712
Q1860	spokenIn	Q712
Q135595	spokenIn	Q1174
Q135595	spokenIn	Q1188
Q1171	spokenIn	Q1188
Q33673	spokenIn	Q1188
Q11059	spokenIn	Q1188
Q1191	spokenIn	Q1188
Q36236	spokenIn	Q1188
Q1185	spokenIn	Q1188
Q1860	spokenIn	Q730
Q5146	spokenIn	Q730
Q36236	spokenIn	Q730
Q56487	spokenIn	Q730
Q9610	spokenIn	Q730
Q135595	spokenIn	Q730
Q603200	spokenIn	Q730
Q33552	spokenIn	Q730
Q5137	spokenIn	Q730
Q58635	spokenIn	Q730
Q33673	spokenIn	Q730
Q5885	spokenIn	Q730
Q8097	spokenIn	Q730
Q33997	spokenIn	Q730
Q33491	spokenIn	Q730
Q15065	spokenIn	Q730
Q55	spokenIn	Q730
Q833	spokenIn	Q730
Q9240	spokenIn	Q730
Q33549	spokenIn	Q730
Q33788	spokenIn	Q730
Q334	spokenIn	Q730
Q730	spokenIn	Q730
Q150	spokenIn	Q730
Q33527	spokenIn	Q27496
Q1860	spokenIn	Q1193
Q33823	spokenIn	Q1193
Q135595	spokenIn	Q1437
Q9129	spokenIn	Q36678
Q2414422	spokenIn	Q36678
Q135595	spokenIn	Q22048
Q33673	spokenIn	Q22048
Q5885	spokenIn	Q22048
Q35394	spokenIn	Q22048
Q8097	spokenIn	Q22048
Q1571	spokenIn	Q22048
Q5137	spokenIn	Q22048
Q1568	spokenIn	Q22048
Q33552	spokenIn	Q22048
Q135595	spokenIn	Q188947
Q58635	spokenIn	Q188947
Q33997	spokenIn	Q188947
Q5885	spokenIn	Q188947
Q9237	spokenIn	Q188947
Q25355	spokenIn	Q4628
Q29921	spokenIn	Q4628
Q9035	spokenIn	Q4628
Q9043	spokenIn	Q4628
Q294	spokenIn	Q4628
Q21200	spokenIn	Q4628
Q9301	spokenIn	Q32
Q9299	spokenIn	Q32
Q8821	spokenIn	Q32
Q14196	spokenIn	Q127167
Q1156228	spokenIn	Q127167
Q33527	spokenIn	Q27275
Q33375	spokenIn	Q16967
Q14549	spokenIn	Q25
Q9314	spokenIn	Q25
Q1860	spokenIn	Q25
Q9309	spokenIn	Q25
Q33454	spokenIn	Q1041
Q150	spokenIn	Q970
Q7838	spokenIn	Q398
Q9240	spokenIn	Q398
Q9237	spokenIn	Q398
Q5885	spokenIn	Q398
Q9168	spokenIn	Q398
Q33538	spokenIn	Q398
Q8108	spokenIn	Q398
Q13955	spokenIn	Q398
Q33527	spokenIn	Q51614
Q135595	spokenIn	Q22424
Q34018	spokenIn	Q574
Q1321	spokenIn	Q5739
Q1321	spokenIn	Q1522
Q1860	spokenIn	Q1522
Q8097	spokenIn	Q244
Q1568	spokenIn	Q244
Q1860	spokenIn	Q244
Q135595	spokenIn	Q244
Q5885	spokenIn	Q244
